rainfall_mm,water_level_m,river_discharge_cms,temperature_c,humidity_pct,soil_moisture_pct,elevation_m,drainage_quality,historical_floods_5yr,population_density,risk_level
95.7,7.16,515.7,21.4,54.7,39.9,212.9,5,1,1211.0,Medium
59.8,6.64,10.5,25.0,60.4,32.0,79.1,1,3,654.0,High
55.3,8.54,468.1,27.0,60.7,49.6,229.3,4,1,4702.0,Medium
55.3,6.43,381.8,28.4,76.7,72.5,202.9,3,1,1954.0,Medium
186.0,5.16,138.8,37.2,74.9,60.3,113.8,1,0,3091.0,High
114.7,7.77,350.0,29.9,52.0,32.4,107.7,3,3,523.0,High
45.2,8.01,205.4,30.0,76.6,25.2,130.2,3,5,3408.0,Medium
98.8,8.04,446.7,25.7,66.9,31.1,72.4,5,0,1902.0,Medium
80.0,3.52,14.4,22.1,42.7,19.5,105.1,4,3,4394.0,Medium
8.6,1.79,271.6,24.4,63.5,47.9,70.7,1,0,2205.0,Low
26.8,3.39,220.1,23.4,94.9,61.3,206.6,3,2,1525.0,Medium
84.2,5.91,534.9,29.0,64.0,43.6,61.9,3,1,1332.0,Medium
174.6,4.82,63.1,18.7,42.5,79.4,118.9,1,0,824.0,Medium
55.7,4.09,335.1,30.0,82.2,80.5,122.2,3,0,1343.0,Low
42.3,5.62,464.5,26.4,56.1,51.2,215.9,3,1,2232.0,Low
72.6,1.56,931.4,30.7,73.2,59.0,78.5,3,0,2510.0,Medium
40.2,4.78,229.8,23.4,67.4,27.0,68.9,2,4,718.0,High
52.7,6.74,402.0,22.5,96.4,37.8,147.1,2,1,376.0,Medium
66.0,5.6,67.3,25.0,67.4,70.4,136.5,4,2,1788.0,Low
25.6,5.88,323.8,24.8,52.8,33.4,280.5,5,1,272.0,Low
118.8,7.69,660.8,31.0,63.0,74.7,115.0,1,2,1365.0,High
21.4,4.37,936.9,31.0,51.6,67.3,204.3,5,0,432.0,Medium
18.9,3.19,426.8,36.5,66.9,60.0,192.1,5,0,2439.0,Low
77.4,6.88,86.9,24.5,96.5,21.5,68.7,2,3,1020.0,Medium
112.5,6.84,725.6,10.3,88.7,38.8,39.0,4,0,1126.0,High
75.9,5.62,87.6,25.0,100.0,57.9,87.7,5,1,352.0,Low
60.9,4.18,127.9,28.2,77.2,25.3,166.6,5,0,2889.0,Low
52.3,4.5,763.1,30.6,72.1,41.2,217.8,3,1,1650.0,Medium
45.6,1.95,308.0,28.5,55.0,60.0,7.2,1,0,1694.0,Low
137.5,6.73,211.4,24.5,74.0,33.6,61.6,4,1,451.0,Medium
84.8,6.66,505.0,35.6,68.0,28.1,130.2,1,2,243.0,High
48.7,1.88,362.6,21.8,81.7,9.0,150.5,2,0,714.0,Low
37.5,6.24,624.9,25.6,53.2,37.3,55.9,5,3,999.0,Medium
103.5,5.31,373.8,21.6,70.8,60.5,70.6,5,4,696.0,Medium
135.3,2.46,379.4,27.1,46.4,27.5,33.5,1,0,4408.0,Medium
127.2,2.09,611.4,34.9,75.1,45.4,244.1,2,3,2941.0,Medium
32.0,5.25,305.2,26.3,80.1,40.5,119.4,3,1,1391.0,Medium
51.9,3.7,165.8,26.3,45.7,31.7,70.0,3,0,763.0,Low
44.9,8.14,523.2,18.5,49.9,61.8,196.9,5,2,534.0,High
57.5,6.41,264.7,25.6,50.6,77.8,119.3,5,0,1344.0,Low
118.0,5.45,393.6,32.8,67.3,65.1,215.7,4,0,1734.0,Medium
164.1,5.55,53.5,25.7,49.0,31.1,232.4,1,2,957.0,High
87.1,7.16,296.7,25.4,90.7,84.8,56.0,5,0,1918.0,Medium
38.6,6.19,222.5,32.5,76.5,65.0,203.4,2,2,897.0,Low
64.8,5.5,51.8,25.4,79.0,35.9,199.3,1,3,528.0,Medium
184.5,2.54,303.1,33.5,46.2,29.5,137.3,4,1,1922.0,Low
71.3,10.62,310.2,20.6,89.4,67.4,143.5,3,0,233.0,Medium
52.4,2.29,412.2,30.4,79.7,48.5,114.6,4,1,375.0,Low
56.0,3.87,654.1,35.2,59.8,28.0,49.1,1,2,617.0,Medium
86.9,1.19,590.7,32.0,46.9,42.0,46.5,3,1,839.0,Low
33.0,5.58,234.1,17.7,68.9,36.9,249.6,2,3,2237.0,Medium
44.0,4.8,367.7,23.8,63.0,28.5,119.2,3,2,354.0,Medium
126.0,6.03,450.7,25.8,63.6,65.3,91.3,3,6,1130.0,High
85.1,1.02,238.9,32.0,59.4,60.6,148.4,2,0,1749.0,Low
71.8,6.73,95.1,20.3,80.8,61.8,68.3,5,1,1644.0,Medium
130.2,2.89,281.1,21.9,31.0,61.5,81.5,5,1,2238.0,Low
36.6,4.2,670.8,19.0,91.4,26.7,108.1,3,3,1157.0,High
51.1,6.36,91.0,22.9,85.0,32.9,75.3,3,2,816.0,Medium
83.2,5.02,152.5,20.7,73.2,74.2,140.3,4,0,3248.0,Low
81.1,5.16,179.5,35.0,67.8,47.2,98.4,5,3,790.0,Medium
17.0,6.1,153.9,23.8,86.2,15.6,139.7,2,0,699.0,Low
47.2,5.36,506.4,30.5,69.4,49.3,147.2,3,1,656.0,Medium
58.7,3.82,204.8,27.1,65.8,58.1,194.2,3,1,635.0,Low
89.8,4.17,514.9,27.0,87.1,55.5,87.8,4,5,3765.0,High
80.9,4.92,334.9,24.0,100.0,26.2,55.1,4,0,4184.0,Low
62.9,2.71,71.9,30.9,55.4,82.7,343.2,4,0,2431.0,Low
8.6,6.49,242.7,27.8,76.4,15.0,215.7,1,1,1976.0,Medium
65.3,5.08,601.5,27.5,53.7,47.2,31.5,2,1,700.0,High
69.8,4.65,360.3,24.0,77.5,79.7,371.0,1,0,945.0,Low
291.9,6.88,256.2,24.9,58.3,56.8,72.6,3,0,306.0,High
57.2,4.26,675.7,29.9,88.2,61.7,99.0,4,5,1137.0,High
83.5,4.14,140.5,28.2,68.5,23.9,49.5,4,2,415.0,Medium
144.8,3.53,210.4,27.6,70.7,51.9,113.4,4,4,1559.0,High
113.5,5.19,567.1,23.2,94.5,44.3,74.9,5,1,748.0,Medium
168.5,5.12,499.8,36.7,59.0,22.4,50.6,2,3,1657.0,High
17.3,3.17,131.0,24.6,80.3,62.3,42.9,1,0,644.0,Low
27.5,4.14,441.0,26.8,60.5,28.6,64.8,2,0,252.0,Low
41.5,3.18,202.3,26.1,87.9,31.0,156.1,4,2,554.0,Low
14.4,3.09,49.1,36.8,96.8,53.7,141.0,3,2,1763.0,Medium
70.3,1.04,259.8,25.5,66.1,42.1,57.3,5,0,1846.0,Low
29.6,4.04,972.9,25.1,37.1,48.4,85.4,2,0,1714.0,Medium
183.0,1.1,607.9,27.6,59.7,40.9,177.2,3,3,1544.0,High
33.8,3.57,314.7,23.5,100.0,73.3,87.4,4,2,1392.0,Low
51.4,3.27,85.9,27.6,61.1,26.5,218.8,4,1,2144.0,Low
118.1,6.6,50.9,38.9,96.6,35.7,321.5,4,0,100.0,Low
21.2,2.47,335.6,28.5,60.9,54.6,65.3,4,1,3649.0,Low
13.3,2.98,422.7,28.3,60.5,25.2,70.7,5,2,1113.0,Low
76.7,3.74,510.1,23.4,81.7,24.4,237.0,5,2,2156.0,Low
81.0,3.34,473.9,35.5,79.9,47.8,86.5,2,2,1304.0,Medium
115.7,7.24,499.5,36.7,82.8,62.3,184.1,4,4,735.0,High
97.4,2.22,390.0,31.3,70.1,65.0,118.8,5,1,1046.0,Medium
83.2,3.74,666.9,30.3,85.5,46.8,93.6,3,3,526.0,High
37.4,5.16,222.2,25.8,84.4,31.6,151.6,5,3,610.0,Medium
79.4,6.26,332.2,29.0,87.2,50.5,238.8,5,1,1908.0,Low
83.0,3.74,72.1,22.8,60.6,56.3,200.5,2,1,1567.0,Low
36.2,0.66,218.7,21.4,85.5,50.2,102.5,5,1,222.0,Low
216.9,4.2,597.7,19.6,62.2,69.7,120.8,3,2,631.0,High
94.3,7.2,489.5,29.1,67.6,24.7,184.9,4,0,1108.0,Low
27.9,5.06,32.2,20.1,67.3,31.1,125.1,1,0,1310.0,Low
116.1,4.97,1016.5,24.5,55.0,66.9,258.2,2,1,4602.0,High
129.8,2.37,360.9,26.7,44.0,15.5,19.4,3,1,1535.0,Low
90.3,2.17,365.5,32.0,88.4,34.2,67.6,2,1,186.0,Medium
54.8,4.54,208.5,24.1,59.5,30.4,144.6,4,1,1363.0,Low
34.8,1.65,243.6,32.6,66.0,13.7,80.0,5,0,425.0,Low
62.8,6.06,358.3,31.7,59.0,41.3,243.1,5,1,1150.0,Low
85.9,2.81,472.1,21.6,66.2,59.9,70.7,3,3,4881.0,Medium
67.3,4.45,402.0,32.6,62.4,48.1,113.4,4,0,898.0,Low
173.4,0.73,221.0,25.6,89.2,61.0,64.6,1,1,2508.0,Medium
104.5,3.71,163.9,24.5,61.1,68.8,100.4,1,0,1351.0,Medium
31.5,2.13,155.2,25.6,95.7,37.3,30.2,5,1,3536.0,Low
25.2,0.2,626.6,27.0,87.1,97.9,41.4,4,2,2002.0,Medium
94.8,5.58,580.8,24.9,62.9,38.1,311.7,4,1,2735.0,Medium
55.8,7.78,444.9,22.8,74.8,40.7,107.8,3,2,1747.0,High
110.8,6.76,623.8,23.2,77.8,30.8,84.5,1,0,887.0,High
94.2,5.86,298.1,27.7,82.6,55.9,49.6,3,3,3263.0,Medium
63.0,3.67,550.1,26.2,84.1,39.2,55.5,2,0,1608.0,Low
31.8,6.11,459.7,29.6,72.8,43.4,291.7,4,0,936.0,Low
15.0,6.95,559.4,27.3,55.7,40.9,111.8,1,0,735.0,Medium
78.3,4.77,142.8,27.4,79.6,40.4,197.2,3,2,1650.0,Low
20.8,2.13,26.6,30.0,66.5,48.2,8.4,5,0,2893.0,Low
30.6,3.5,386.4,34.1,28.2,36.0,73.5,2,0,1856.0,Low
74.9,7.91,253.5,34.3,75.9,36.9,268.2,3,1,995.0,Medium
69.7,4.35,40.1,33.7,59.0,66.5,77.1,5,1,1806.0,Low
23.3,0.2,688.5,31.4,63.1,39.1,53.2,1,1,2338.0,Low
139.7,1.56,581.8,37.4,70.1,52.7,137.2,1,0,292.0,Medium
137.2,3.65,408.7,29.2,46.7,27.2,37.0,2,0,430.0,Medium
97.0,6.57,172.0,28.6,72.1,36.1,30.8,5,0,2188.0,Low
96.9,3.95,69.0,38.2,65.2,20.3,243.3,4,0,413.0,Low
97.0,6.61,39.4,13.4,56.8,82.1,64.4,1,1,1149.0,Medium
129.1,3.45,217.5,25.9,70.7,72.5,152.7,4,3,1456.0,Medium
106.3,0.57,504.1,33.3,44.6,56.9,298.1,4,2,564.0,Low
34.2,3.52,255.4,31.9,71.1,88.0,109.6,3,1,1186.0,Low
55.2,5.19,448.4,39.8,77.1,60.4,149.7,3,1,1472.0,Low
271.9,5.02,462.7,27.5,74.6,41.6,30.5,1,1,2981.0,High
9.3,1.99,499.5,24.8,81.8,52.5,60.4,4,0,2773.0,Low
45.1,3.8,57.5,25.3,87.5,72.2,266.0,3,0,1645.0,Low
140.2,9.87,184.2,28.6,68.8,27.4,84.9,5,0,817.0,Medium
36.1,2.03,443.1,35.1,86.4,21.5,42.3,5,0,2813.0,Low
108.3,5.82,780.1,35.2,68.7,53.1,145.1,5,1,2879.0,Medium
69.0,0.31,650.7,26.7,59.5,33.3,222.0,5,0,722.0,Low
38.4,6.23,395.0,28.3,64.1,0.0,77.2,4,2,1541.0,Low
7.2,2.72,692.9,23.9,74.0,20.1,145.3,5,0,937.0,Low
76.8,5.3,393.0,24.5,86.3,38.8,180.3,4,1,1686.0,Medium
33.5,1.92,88.7,32.2,70.0,46.0,94.6,1,1,677.0,Low
60.9,5.08,494.2,35.0,59.9,46.6,86.0,1,3,2320.0,High
96.3,2.68,664.4,23.5,91.7,85.1,291.8,5,1,1694.0,Low
122.1,3.07,928.2,28.2,48.5,40.8,45.0,5,3,678.0,High
45.0,5.38,213.0,25.8,60.0,50.6,115.7,5,0,2182.0,Low
38.3,3.64,130.7,31.3,83.4,12.5,99.7,1,1,812.0,Medium
20.5,5.26,551.1,25.1,96.5,44.4,99.3,3,1,229.0,Medium
126.2,4.12,426.2,17.4,77.2,51.7,174.5,1,0,554.0,High
247.3,4.63,401.7,32.0,73.7,17.5,151.6,5,4,2497.0,High
135.5,5.39,698.9,25.5,65.6,26.3,127.5,3,0,3812.0,Medium
155.8,3.8,549.8,26.0,78.2,54.8,31.0,3,3,3874.0,High
36.4,2.51,452.2,29.2,71.9,34.1,56.9,2,1,854.0,Low
92.3,3.44,233.4,28.8,58.7,42.9,90.5,4,0,1148.0,Low
115.2,6.89,522.3,29.3,65.4,55.8,113.0,5,3,952.0,High
26.5,4.73,126.2,18.9,57.0,85.7,264.1,4,1,1318.0,Low
191.5,2.81,392.3,29.8,70.2,40.6,111.2,2,2,398.0,High
16.7,5.3,317.6,17.5,72.4,80.4,169.5,4,3,873.0,Medium
172.2,5.44,84.7,30.8,94.5,5.8,102.2,5,1,1545.0,Medium
16.6,5.54,427.0,32.6,61.0,48.0,161.4,2,0,2506.0,Medium
27.7,2.54,213.4,20.2,67.3,38.3,107.1,4,1,1644.0,Low
93.5,3.14,420.4,28.6,88.9,34.4,50.4,1,1,1108.0,Medium
70.3,3.15,156.1,32.3,97.1,58.2,149.1,3,0,567.0,Low
48.7,3.78,553.2,24.8,77.1,40.7,140.2,2,2,2609.0,High
186.7,5.58,853.8,30.4,66.2,4.5,37.8,1,0,346.0,High
21.0,5.09,126.2,13.1,62.9,13.2,102.2,5,1,423.0,Low
59.1,5.25,155.9,32.5,42.4,59.4,101.5,3,1,2026.0,Medium
101.9,7.21,108.5,27.1,56.1,12.3,71.5,2,3,2225.0,Medium
82.3,5.88,280.0,25.7,71.5,60.0,48.3,3,3,92.0,High
39.4,4.22,416.2,31.9,67.3,47.5,122.5,2,1,1115.0,Medium
40.6,2.13,502.5,35.6,79.4,41.6,249.5,2,1,187.0,Low
120.9,3.07,387.2,29.4,67.1,43.4,157.5,4,1,1169.0,Medium
124.7,3.98,492.9,35.0,59.1,55.3,34.0,3,0,986.0,Medium
83.8,6.16,309.9,19.2,75.1,21.5,238.3,3,0,3288.0,Low
32.4,4.45,211.5,30.3,100.0,45.8,218.5,1,1,1822.0,Medium
41.7,3.19,159.1,26.3,65.2,22.2,74.5,5,1,1864.0,Low
65.6,3.03,287.3,23.1,72.1,48.3,35.9,1,0,2935.0,Low
72.9,4.36,162.2,17.4,82.7,57.9,76.5,4,1,3009.0,Medium
99.1,6.28,408.1,30.1,61.4,48.3,80.2,2,3,1479.0,High
56.8,7.68,164.3,31.4,89.1,57.2,38.1,4,0,792.0,Medium
119.0,4.09,228.8,33.7,46.3,31.0,121.3,4,1,2413.0,Low
118.1,4.41,624.6,32.9,63.9,43.8,62.0,1,1,2331.0,High
159.4,2.07,661.4,23.1,65.3,40.2,44.0,2,2,2012.0,High
67.8,8.38,648.8,33.5,72.3,38.9,89.2,5,1,1474.0,Medium
84.8,1.7,313.4,34.0,40.4,29.0,245.3,4,4,1160.0,Low
60.2,6.84,217.9,25.7,90.3,36.4,176.0,5,1,3015.0,Medium
32.7,3.77,448.6,27.1,76.2,22.7,136.6,2,0,983.0,Medium
243.6,3.3,167.1,22.3,86.8,11.1,74.8,2,0,762.0,High
146.1,2.28,518.0,34.4,94.2,31.0,38.4,1,1,1104.0,Medium
116.5,9.32,203.6,19.4,58.9,57.5,49.0,3,3,663.0,High
66.0,4.94,279.0,29.7,32.6,49.7,169.9,1,0,2339.0,Medium
30.2,4.54,525.2,24.0,87.2,19.9,61.7,5,0,1475.0,Low
130.8,6.27,65.9,21.5,65.7,36.9,114.9,1,3,201.0,High
59.4,3.2,210.1,17.6,53.0,58.8,137.5,2,2,1827.0,Medium
90.3,4.5,413.8,25.9,78.6,36.0,32.5,4,1,1133.0,Medium
41.6,4.61,471.8,20.7,100.0,16.6,105.2,3,0,1347.0,Medium
80.1,3.48,424.3,27.3,68.4,90.2,130.7,2,0,1610.0,Medium
43.8,6.9,276.6,35.8,84.3,41.7,282.0,4,1,891.0,Low
45.2,4.06,558.3,28.0,55.2,21.7,113.6,5,0,755.0,Low
79.4,1.39,154.9,37.0,44.7,48.4,165.1,5,1,2017.0,Low
16.4,3.9,149.7,22.1,83.7,43.3,75.8,5,3,473.0,Low
17.2,5.0,411.2,20.6,78.2,14.2,189.4,1,0,599.0,Medium
36.0,2.71,141.3,21.9,63.0,46.9,41.9,5,1,716.0,Low
56.2,2.87,871.5,26.7,95.6,64.7,140.3,5,0,2582.0,Low
121.5,3.41,214.6,40.6,43.5,40.3,116.9,1,0,3095.0,Medium
58.7,6.94,551.9,18.7,51.5,3.8,209.1,4,3,710.0,Medium
65.7,3.53,122.1,30.1,61.9,51.8,137.9,2,0,609.0,Low
52.8,7.36,762.6,23.5,64.7,57.1,91.9,3,2,1462.0,High
84.8,3.27,328.1,25.9,92.0,33.3,188.9,5,1,1132.0,Low
32.4,5.15,210.3,20.7,70.7,33.4,136.6,5,0,2368.0,Low
61.2,3.61,263.3,31.4,67.1,90.2,53.1,5,1,1905.0,Low
89.6,6.01,186.0,26.8,50.9,31.8,95.8,1,0,4021.0,Medium
78.9,2.26,278.5,32.4,86.3,22.6,48.6,1,2,634.0,High
67.3,5.99,128.2,27.9,53.0,45.5,130.2,1,2,2344.0,Medium
67.9,4.73,215.3,17.3,50.9,56.5,139.0,3,2,986.0,Low
95.8,3.22,545.4,32.5,64.0,55.6,257.8,2,0,577.0,Medium
251.1,4.17,373.5,16.9,72.4,0.0,94.5,5,2,972.0,High
34.4,7.57,152.5,17.7,59.2,31.8,85.0,4,2,1055.0,Low
255.7,4.78,285.2,22.4,80.6,68.1,34.8,5,4,2909.0,High
33.0,3.09,666.0,22.5,65.8,51.5,94.4,5,0,322.0,Low
6.1,2.09,233.7,34.0,85.8,20.3,87.9,5,1,728.0,Low
43.0,5.51,140.1,26.1,77.6,69.8,112.2,5,1,1412.0,Low
85.9,4.89,461.0,33.2,96.9,64.3,86.3,2,0,544.0,Low
218.1,5.89,42.7,24.2,63.4,39.1,86.4,4,0,3763.0,Medium
30.2,1.58,267.5,28.6,82.7,62.6,112.0,1,4,4155.0,Medium
95.4,2.16,701.6,29.4,43.2,85.0,99.0,4,0,1329.0,Medium
19.1,6.79,279.6,30.5,100.0,23.9,85.4,5,1,2021.0,Low
213.0,5.16,579.0,24.7,81.9,56.1,84.8,4,1,3365.0,High
148.0,5.57,138.6,25.1,65.6,84.7,302.0,5,2,1193.0,Low
45.3,2.57,272.1,25.5,66.1,58.1,83.3,4,2,1938.0,Low
163.9,2.54,254.6,18.7,66.3,29.9,91.3,3,1,484.0,Medium
60.9,6.48,445.4,26.6,97.6,49.8,29.4,4,2,210.0,Medium
153.2,6.58,340.2,25.1,83.5,72.4,189.8,1,0,2536.0,High
66.9,2.32,758.6,29.9,63.4,24.7,16.5,1,0,1251.0,Low
69.1,1.94,224.5,27.5,51.4,44.4,54.7,4,0,4074.0,Low
46.0,4.28,337.5,33.7,87.9,40.1,146.2,4,1,828.0,Low
104.3,2.9,261.3,27.4,82.6,32.4,26.8,2,0,448.0,Low
73.1,2.86,321.3,24.2,80.6,49.8,67.7,4,2,2367.0,Medium
96.9,2.0,302.2,27.3,68.7,43.0,103.2,1,2,3859.0,High
14.7,3.56,165.8,30.6,65.5,57.9,98.1,3,1,489.0,Low
156.8,2.19,526.9,18.1,95.3,67.8,66.3,1,2,627.0,High
183.1,2.31,198.8,23.4,96.7,19.5,165.6,2,1,3278.0,Medium
72.8,5.1,188.5,23.5,79.6,46.4,171.6,4,1,4919.0,Low
239.7,4.39,89.3,29.1,84.5,43.9,148.8,3,0,1949.0,Medium
204.6,5.47,219.9,29.6,73.5,49.1,77.4,1,1,768.0,High
105.9,1.2,196.9,27.5,49.5,44.7,115.7,3,1,3085.0,Medium
165.3,4.52,52.1,14.6,55.3,25.4,71.5,5,0,1072.0,Low
137.6,8.65,277.7,18.7,87.2,74.1,358.6,1,2,789.0,High
10.8,3.76,738.3,25.8,89.1,82.6,127.6,5,1,888.0,Medium
53.7,6.15,104.3,24.5,85.8,55.9,77.7,3,1,2158.0,Low
111.0,6.13,317.4,27.0,75.2,57.0,321.5,4,0,1384.0,Low
191.1,6.23,273.1,24.7,86.4,47.6,83.9,4,1,1872.0,Medium
17.8,4.83,483.9,34.7,69.1,64.4,124.7,4,0,2414.0,Low
11.7,5.63,506.4,15.5,79.3,0.0,167.2,5,2,1117.0,Low
63.8,5.9,1070.7,28.5,66.9,44.9,73.5,4,1,2628.0,High
6.8,5.77,382.4,31.1,54.1,33.5,70.0,2,1,1346.0,Medium
62.2,2.27,178.1,30.5,83.0,47.9,184.8,1,1,899.0,Low
87.4,1.09,215.4,30.9,89.1,66.9,167.1,1,2,358.0,Low
29.0,1.39,231.6,31.7,100.0,45.4,166.8,3,1,1080.0,Low
63.5,3.96,202.9,24.0,74.0,37.8,139.6,5,1,3508.0,Low
129.2,5.69,848.8,21.5,54.3,16.9,300.2,1,5,2329.0,High
42.9,2.29,491.3,16.8,65.1,42.8,109.6,5,1,1863.0,Low
33.5,6.35,443.0,25.2,68.0,58.4,61.3,3,0,529.0,Medium
61.3,3.5,143.3,23.1,72.2,28.2,45.9,4,2,875.0,Low
26.2,3.51,503.2,32.8,77.1,4.9,82.5,3,0,2109.0,Low
228.3,2.83,635.4,25.6,75.4,90.5,6.3,2,2,2484.0,High
68.5,0.73,276.6,21.8,81.7,51.7,225.1,4,3,2366.0,Low
36.7,4.96,213.6,21.1,73.0,40.6,134.7,4,1,1612.0,Low
78.3,7.93,770.0,36.9,36.6,72.8,61.0,4,1,698.0,High
61.0,4.37,193.7,26.9,73.4,47.8,192.5,3,1,2488.0,Low
55.9,0.8,179.0,23.1,71.3,71.6,45.8,2,2,869.0,Medium
42.9,6.06,157.1,27.6,78.3,69.9,54.2,5,3,2512.0,Medium
41.1,1.25,307.1,36.5,64.6,19.5,111.8,3,1,1082.0,Low
15.0,2.08,381.7,25.1,73.4,54.2,242.7,1,1,3939.0,Low
165.1,4.02,583.5,30.4,78.3,79.5,133.8,1,1,994.0,High
101.1,4.75,455.8,32.9,67.6,25.0,9.5,3,0,979.0,Medium
84.1,2.48,451.2,17.5,80.1,25.3,55.2,5,2,1260.0,Medium
60.3,3.95,694.7,23.8,71.1,28.7,61.9,1,0,707.0,Medium
28.5,5.93,151.4,32.3,72.3,62.8,120.5,5,2,602.0,Low
34.7,6.2,98.9,23.5,26.2,50.7,38.5,4,1,687.0,Low
16.9,7.0,469.9,29.1,52.8,6.3,41.3,3,0,3198.0,Low
38.5,8.32,297.4,23.2,52.9,51.8,89.1,4,3,637.0,Medium
25.0,6.12,584.8,24.8,73.2,40.0,154.4,1,1,986.0,High
197.3,4.07,316.5,24.2,89.1,42.8,161.0,5,1,5212.0,High
123.3,6.22,208.3,30.2,68.2,28.3,111.8,4,1,2565.0,Medium
70.7,5.43,474.2,28.0,82.7,52.0,175.9,1,0,2534.0,Medium
31.3,5.51,343.3,27.5,79.7,66.0,374.4,2,2,4706.0,Low
26.2,4.85,316.7,39.5,72.1,32.2,262.2,4,1,1233.0,Low
57.3,2.68,1189.0,35.7,78.6,11.4,76.0,2,0,227.0,Medium
126.8,2.44,662.9,17.1,73.7,38.9,37.2,2,2,2375.0,Medium
17.4,4.31,512.1,24.8,67.9,60.1,82.3,1,1,1133.0,Medium
100.2,4.8,350.3,39.1,75.9,36.6,56.0,3,2,5243.0,High
38.4,3.14,330.8,24.1,91.7,15.0,138.9,5,2,195.0,Low
44.5,5.35,262.5,37.4,77.1,60.3,46.6,1,2,602.0,Medium
69.2,8.66,373.8,24.9,73.3,73.3,100.2,4,1,842.0,Medium
32.3,1.01,228.6,25.8,56.8,45.4,56.0,5,2,1251.0,Low
55.1,5.66,126.8,31.3,91.2,12.9,86.7,3,1,410.0,Medium
29.9,4.37,314.1,26.5,48.9,38.6,104.0,1,2,1737.0,Medium
41.1,5.4,393.6,29.5,44.4,48.0,151.7,3,0,804.0,Low
113.8,3.64,585.7,34.9,75.6,28.8,104.4,4,1,2682.0,Medium
71.9,4.21,179.8,30.8,56.8,56.7,71.5,1,0,3347.0,Low
113.5,4.76,332.6,27.7,86.3,26.9,166.8,4,5,1033.0,High
38.0,3.9,453.6,35.4,44.7,45.5,107.9,5,0,1947.0,Low
100.7,1.46,447.2,31.4,84.4,40.4,76.1,5,0,1338.0,Low
13.0,4.03,823.5,23.3,82.3,57.3,154.0,3,0,1263.0,Medium
69.2,1.67,266.0,36.9,71.8,44.7,121.2,3,0,379.0,Low
105.4,5.81,168.5,30.2,38.5,41.1,146.5,5,1,1211.0,Medium
12.4,0.77,347.1,25.9,44.2,28.9,201.5,2,0,2499.0,Low
38.4,6.56,275.6,16.9,73.6,45.7,48.7,5,0,1770.0,Low
69.1,5.36,243.2,20.1,66.5,39.8,359.9,1,1,616.0,Medium
133.3,5.37,220.6,35.5,80.9,27.6,137.4,4,1,382.0,Low
41.1,0.2,394.6,35.7,69.0,48.2,46.9,5,5,1177.0,Low
97.9,3.84,199.1,27.4,67.7,52.3,216.7,5,3,721.0,Low
172.3,6.81,511.9,18.1,33.6,38.2,66.5,4,2,793.0,High
101.1,3.46,497.1,21.6,82.3,63.6,264.8,4,1,731.0,Medium
56.7,2.34,417.4,18.9,60.3,50.3,50.9,1,1,1352.0,Medium
87.7,3.23,151.2,18.7,64.0,19.3,100.4,4,0,2044.0,Low
40.1,4.36,383.3,37.1,54.0,71.7,168.8,3,0,698.0,Low
71.2,2.8,609.4,37.3,46.9,60.3,155.4,5,0,672.0,Low
58.9,6.97,534.6,21.4,92.1,65.0,129.6,4,1,447.0,Low
85.7,4.37,489.4,27.0,81.9,53.0,187.9,1,0,1523.0,Medium
47.6,3.39,329.3,20.6,82.2,0.0,79.2,4,3,2457.0,Medium
89.2,1.9,319.7,26.9,66.8,66.9,194.2,5,3,1224.0,Low
47.2,5.47,669.4,35.2,43.9,46.2,69.1,2,2,2051.0,Medium
122.5,5.42,390.6,32.4,100.0,52.1,248.4,4,0,2934.0,Low
51.2,2.92,393.7,31.0,76.3,55.8,73.2,3,1,1597.0,Low
7.1,0.2,1391.8,26.0,72.1,83.7,41.4,5,0,630.0,Medium
27.0,5.32,262.1,33.3,64.6,34.1,157.0,1,1,570.0,Medium
67.6,4.13,47.5,30.2,39.3,34.6,117.6,5,2,664.0,Low
196.1,5.17,288.8,29.0,87.1,28.0,131.0,2,0,4258.0,High
119.3,8.41,300.3,26.4,54.1,23.6,86.1,1,0,5070.0,High
5.3,4.45,386.9,28.6,78.2,24.0,142.5,2,0,1000.0,Low
15.8,3.47,444.6,28.4,81.6,8.0,235.8,2,0,2835.0,Low
144.9,2.21,56.6,24.3,75.0,53.5,127.0,3,0,3187.0,Low
105.0,3.88,450.3,23.1,77.0,84.8,35.5,4,1,388.0,Medium
266.1,4.82,312.5,22.0,90.2,86.0,106.0,3,3,4098.0,High
45.6,4.61,270.4,22.3,58.1,28.0,138.1,3,0,1099.0,Low
31.7,7.95,84.6,26.1,72.5,39.6,257.9,3,1,1057.0,Low
70.4,5.5,753.0,25.2,66.6,69.7,161.5,1,0,464.0,High
44.9,4.23,240.9,23.9,42.4,53.6,62.2,4,1,4277.0,Low
135.9,3.09,493.4,23.5,74.3,47.7,102.9,4,0,1410.0,Low
43.6,5.03,177.8,28.5,88.8,39.9,167.1,1,2,3996.0,Medium
53.7,2.69,397.7,33.9,90.6,68.6,144.4,3,1,3055.0,Low
27.8,4.86,273.3,26.9,97.9,23.5,149.9,3,1,1015.0,Low
113.9,5.47,484.2,26.6,43.4,54.6,41.9,2,2,1445.0,High
29.5,4.07,267.1,22.3,94.4,51.9,156.0,2,2,781.0,Medium
90.4,3.24,171.8,25.9,72.8,45.9,122.3,5,1,862.0,Low
218.1,0.2,321.9,33.0,94.0,60.8,160.0,2,2,1843.0,Medium
10.5,6.79,311.4,32.2,64.1,45.7,117.6,4,2,2280.0,Medium
177.6,5.31,381.2,31.8,62.0,34.3,97.2,1,0,218.0,Medium
82.2,5.36,574.5,31.7,51.8,46.9,197.1,3,0,225.0,Low
23.8,1.38,143.8,29.2,81.6,13.2,139.9,5,3,882.0,Low
72.5,7.26,557.0,29.0,77.7,57.3,47.1,2,1,1652.0,High
111.6,3.57,127.1,28.2,53.2,62.4,114.1,5,0,3224.0,Low
33.6,3.92,472.8,24.9,37.5,31.9,86.7,1,1,1394.0,Medium
94.1,2.36,481.9,27.4,76.2,27.1,79.6,1,2,1095.0,High
187.4,0.93,232.1,28.1,77.9,32.6,143.0,5,1,2026.0,Medium
43.6,6.81,184.6,30.2,55.2,43.7,118.1,5,3,621.0,Medium
27.5,7.07,177.5,27.5,52.2,49.3,141.3,5,1,1420.0,Low
60.4,4.17,342.0,37.5,79.8,77.3,181.1,3,0,1204.0,Low
69.6,3.14,501.1,21.0,97.8,74.8,101.6,4,2,1504.0,Low
140.6,3.75,294.7,30.8,62.6,61.6,176.8,2,0,2953.0,Medium
58.8,3.8,42.3,26.8,56.8,47.4,71.7,2,1,268.0,Low
47.0,2.1,221.6,27.0,74.5,26.5,203.1,2,2,1256.0,Low
26.9,3.92,216.1,22.9,79.5,78.6,76.0,5,3,2273.0,Medium
12.5,4.81,442.7,32.1,64.5,40.0,52.0,5,1,1930.0,Medium
19.8,6.54,456.9,30.3,100.0,50.6,132.6,5,0,295.0,Low
19.7,4.53,359.0,31.2,83.5,57.5,103.9,3,0,224.0,Low
54.1,1.35,557.7,27.8,64.3,46.2,111.6,3,2,2159.0,Medium
15.3,5.21,582.7,25.4,46.1,68.0,47.6,3,1,281.0,Medium
63.9,3.99,230.9,26.7,89.8,54.1,49.4,3,2,1440.0,Medium
215.0,7.24,174.6,29.2,87.9,64.8,85.3,1,1,2821.0,High
143.4,7.36,308.5,17.0,65.5,53.9,159.3,3,3,362.0,High
53.7,7.43,358.5,31.4,75.3,44.2,87.6,3,3,4010.0,High
307.4,3.38,222.8,39.1,67.7,46.5,50.1,3,1,2109.0,High
69.8,8.48,1587.6,29.4,77.8,43.8,203.6,2,0,6965.0,High
77.4,5.2,727.3,25.6,54.6,19.3,48.8,2,1,906.0,Medium
59.5,7.75,208.4,26.2,52.5,25.0,113.7,2,1,3324.0,Medium
65.0,3.49,148.5,30.5,82.2,59.8,159.9,4,3,990.0,Medium
42.4,3.9,196.6,25.7,84.1,19.8,81.8,1,1,1375.0,Medium
54.3,5.05,588.9,31.3,62.6,36.9,159.7,5,1,767.0,Medium
178.4,4.8,597.5,26.1,58.8,24.0,244.3,3,0,1326.0,Medium
153.9,7.01,732.5,35.6,87.2,35.8,156.0,2,1,2564.0,High
6.7,4.04,170.8,35.4,59.3,41.9,101.8,1,4,4104.0,High
17.2,6.83,441.7,25.3,70.8,36.9,112.0,3,1,640.0,Medium
34.0,5.96,182.6,26.6,68.9,16.4,21.3,4,1,1536.0,Low
127.6,4.07,825.6,26.9,48.0,41.3,75.0,5,1,851.0,High
156.2,5.81,175.2,27.0,72.9,25.8,22.4,3,0,1597.0,Medium
111.3,3.55,123.3,22.3,71.4,32.3,59.3,5,0,2829.0,Low
23.7,9.2,142.1,21.6,75.4,59.8,106.7,3,0,912.0,Medium
43.1,0.2,322.8,33.2,72.4,64.1,127.7,4,0,1868.0,Low
95.3,5.85,496.8,32.4,100.0,18.8,143.8,1,1,605.0,High
55.0,0.97,477.4,32.4,87.4,76.4,287.9,5,1,2990.0,Low
49.1,4.05,146.8,26.7,70.6,34.8,37.9,5,0,2332.0,Low
49.7,4.33,249.4,36.5,72.0,33.0,57.7,1,2,702.0,High
146.2,7.52,227.2,26.9,96.5,27.2,124.6,5,1,687.0,Medium
102.2,3.12,131.1,31.3,82.9,46.1,167.9,2,0,3453.0,Low
51.9,7.12,223.5,20.1,51.6,84.6,69.2,1,2,4889.0,High
85.0,2.14,714.2,25.9,84.2,14.2,118.4,4,0,729.0,Low
20.7,7.19,117.3,26.2,88.6,3.9,129.8,3,1,2577.0,Low
43.2,3.55,373.9,26.7,94.3,50.4,258.2,3,0,1023.0,Low
136.8,4.65,723.9,20.4,64.0,56.4,41.9,1,2,3457.0,High
14.3,3.83,702.1,30.5,62.9,46.1,141.3,2,2,1065.0,Medium
103.1,7.06,848.1,32.1,55.9,56.9,170.8,4,2,2203.0,High
6.6,6.68,397.2,23.3,74.6,22.4,149.8,3,0,1500.0,Medium
198.2,5.39,434.1,21.3,81.0,26.1,215.9,3,2,151.0,High
42.3,2.2,226.4,23.2,62.3,47.5,50.2,2,4,646.0,Medium
89.5,3.07,115.2,29.5,67.9,80.2,18.6,5,0,2174.0,Low
72.7,2.44,294.4,24.0,39.2,56.2,208.9,1,1,1992.0,Low
74.7,0.2,632.2,26.3,92.6,57.1,84.2,2,1,1651.0,Medium
83.9,7.02,41.6,21.6,46.5,23.5,102.0,2,0,4200.0,Medium
11.6,3.84,233.7,36.9,75.6,53.4,110.1,2,2,2455.0,Low
75.9,3.82,460.3,27.4,73.6,21.4,115.2,2,1,2246.0,Medium
57.6,7.49,325.7,32.7,70.7,80.4,180.9,5,2,148.0,Medium
42.5,3.55,679.2,29.5,71.0,24.8,138.5,4,2,2542.0,Medium
34.0,2.82,593.8,26.8,54.8,29.1,40.3,2,1,313.0,Low
77.3,4.05,103.5,26.5,65.1,15.5,100.8,2,1,1328.0,Medium
27.8,2.23,343.6,23.4,84.5,46.7,128.2,1,0,317.0,Low
135.2,5.19,189.3,24.7,89.0,45.9,146.2,3,1,1902.0,Medium
94.2,3.75,187.5,22.0,63.7,75.3,96.8,5,3,2910.0,Medium
80.8,3.49,110.4,21.4,46.6,60.5,74.5,2,2,1246.0,Medium
131.4,3.31,381.0,37.4,58.3,29.2,186.7,4,2,1278.0,Medium
9.6,4.29,687.6,28.4,97.8,62.5,83.0,4,1,593.0,Low
20.0,4.67,402.6,34.3,59.2,20.1,154.9,4,1,2876.0,Low
97.1,3.46,104.6,23.0,68.5,30.6,178.8,1,1,350.0,Low
35.8,3.78,313.8,20.7,91.2,47.4,123.9,4,3,1501.0,Medium
39.8,4.34,449.2,22.1,62.1,22.4,69.0,1,3,1233.0,High
17.2,4.14,298.5,24.9,67.5,66.3,139.1,5,2,1767.0,Low
27.9,4.56,398.1,27.2,81.9,90.6,90.2,4,1,2369.0,Low
137.2,3.15,200.7,26.2,95.7,39.1,348.2,3,1,1177.0,Low
95.5,6.51,275.7,23.1,60.3,32.0,172.9,2,4,2554.0,High
76.7,4.69,264.2,27.4,90.9,42.4,169.3,5,1,1297.0,Low
41.1,3.49,762.9,27.9,65.8,33.9,203.4,3,0,1723.0,Low
73.2,5.19,149.3,30.5,56.7,50.2,23.3,5,1,502.0,Low
145.4,4.35,47.7,34.4,73.7,18.6,100.9,4,0,952.0,Low
36.5,1.03,734.3,25.2,52.6,51.4,197.0,5,1,279.0,Low
64.9,5.18,351.3,33.1,77.1,83.2,74.5,5,0,1400.0,Low
206.3,2.46,125.8,27.3,100.0,5.0,35.4,5,0,2277.0,Low
110.3,6.37,562.8,19.4,86.6,21.6,116.5,1,0,1133.0,Medium
41.6,4.02,466.3,35.9,68.4,36.1,58.7,3,0,1239.0,Low
104.2,6.06,836.5,38.4,85.8,55.8,63.7,4,1,1790.0,High
14.0,3.24,369.4,30.1,56.0,62.8,96.5,2,1,1933.0,Medium
62.9,4.64,1190.9,27.4,58.5,61.2,46.3,4,2,266.0,High
104.1,6.92,300.3,25.6,68.8,11.2,93.2,4,2,812.0,High
88.3,3.96,466.9,24.7,71.3,31.5,125.2,1,2,315.0,Low
103.4,3.32,508.7,33.1,50.6,27.0,305.3,1,0,972.0,Medium
119.7,5.81,1610.7,26.9,65.4,43.7,78.8,5,0,3699.0,High
93.3,5.77,240.1,35.4,67.8,45.4,97.8,4,1,2299.0,Medium
91.4,3.4,234.8,27.2,93.1,17.6,151.4,3,0,1325.0,Low
78.0,0.53,515.1,24.9,50.6,36.2,86.4,1,1,4396.0,Medium
25.0,3.28,117.0,24.0,49.2,56.6,71.4,1,0,1668.0,Low
137.2,5.85,188.3,23.3,72.6,32.4,198.5,3,0,5996.0,Medium
64.6,2.95,294.7,29.6,87.3,41.0,249.3,1,4,1478.0,High
108.4,4.48,821.0,20.5,78.3,78.9,85.7,3,0,809.0,High
127.8,3.19,515.4,22.9,74.5,84.8,70.3,2,2,466.0,High
43.4,0.64,342.2,33.6,65.7,1.8,63.5,3,2,2130.0,Low
46.7,3.15,224.6,22.2,80.1,47.3,154.5,2,0,964.0,Low
51.9,5.85,1016.6,31.3,82.4,100.0,215.6,5,0,1475.0,Medium
154.8,0.2,312.4,16.7,66.1,54.6,135.4,5,1,1895.0,Low
30.3,5.0,188.2,34.3,55.8,45.4,157.7,1,1,642.0,Medium
172.8,2.13,1131.6,20.6,55.9,71.3,190.2,3,1,1648.0,High
77.3,5.72,121.5,22.6,83.2,49.4,253.1,1,4,1148.0,High
81.4,5.93,700.4,30.4,46.8,59.2,138.1,3,0,335.0,High
124.0,4.16,328.2,28.4,95.2,40.8,83.3,1,0,1969.0,Medium
71.0,4.16,514.6,31.5,63.2,49.1,163.8,5,0,2156.0,Low
138.2,2.89,459.0,20.6,74.6,53.5,202.7,5,1,3241.0,Medium
43.4,1.81,510.0,25.6,80.5,62.3,91.4,1,0,480.0,Low
169.1,7.9,1192.1,23.9,59.7,36.4,22.6,3,2,4960.0,High
46.2,2.77,1085.6,21.4,63.1,35.8,81.9,4,1,703.0,Medium
173.4,7.64,195.7,30.0,72.0,6.5,46.0,3,1,173.0,High
47.2,2.78,448.1,31.7,57.2,37.3,13.7,1,2,1368.0,Medium
53.1,5.55,76.3,25.3,54.0,64.1,84.5,3,1,1768.0,Medium
27.1,2.22,544.3,34.6,55.3,54.3,102.1,2,0,1186.0,Low
34.4,5.55,623.5,23.1,88.1,25.1,143.3,3,1,474.0,Medium
64.9,3.85,48.4,34.5,76.0,6.9,156.7,5,3,904.0,Low
79.5,3.87,320.2,29.8,58.1,42.2,88.0,5,0,1692.0,Low
131.5,5.72,514.0,20.9,83.1,63.5,148.6,2,0,5444.0,High
56.2,3.56,408.9,36.9,58.9,35.4,141.9,3,0,497.0,Low
88.4,1.64,123.6,24.8,40.7,16.1,140.6,4,1,803.0,Low
75.6,6.02,134.9,33.0,80.5,33.2,65.8,3,1,382.0,Medium
95.5,2.21,295.4,27.7,94.7,51.5,165.1,5,3,970.0,Medium
38.9,5.53,240.1,28.9,78.4,69.8,120.8,5,3,1251.0,Medium
42.8,6.45,256.5,31.5,41.7,39.9,103.8,1,1,2673.0,Low
38.9,3.75,109.7,31.2,69.6,66.1,69.7,5,0,1717.0,Low
148.8,6.86,332.0,25.3,65.9,63.9,86.5,1,3,3584.0,High
170.2,5.46,824.8,29.7,75.7,21.5,179.2,5,2,1296.0,High
41.3,3.11,128.0,29.3,57.3,70.0,148.2,5,0,33.0,Low
42.0,7.3,278.9,28.1,65.0,50.9,74.3,4,0,1776.0,Medium
105.0,2.22,479.0,26.0,48.7,20.9,116.7,1,2,242.0,Medium
182.8,3.75,88.3,28.1,73.3,80.2,144.4,1,0,2615.0,Medium
209.1,4.09,334.2,36.8,49.3,42.5,77.6,5,4,1297.0,High
39.8,5.71,612.0,25.5,76.6,6.1,163.5,1,1,773.0,Medium
48.6,6.73,151.3,33.0,58.7,30.9,30.1,5,2,438.0,High
82.5,6.61,355.9,23.9,22.9,26.0,162.7,5,2,872.0,Medium
85.5,4.95,585.2,22.6,81.9,31.4,156.7,3,1,1250.0,Medium
57.9,3.94,1155.9,43.4,77.4,36.1,127.1,1,0,4502.0,Medium
33.4,0.85,344.0,29.7,90.3,39.9,94.4,2,2,1169.0,Low
65.0,1.87,191.5,29.8,38.6,39.1,60.5,1,4,1574.0,High
208.9,8.03,66.0,30.0,60.2,43.1,110.8,1,0,1223.0,High
43.4,0.83,192.7,34.0,72.0,56.7,139.2,4,1,1576.0,Low
78.9,2.93,104.4,29.0,78.6,30.1,165.5,2,1,1506.0,Low
300.8,6.79,865.1,31.1,48.1,68.6,68.0,2,2,1315.0,High
42.8,4.92,563.5,21.7,76.5,20.5,84.8,4,2,750.0,Low
108.4,6.36,134.9,31.9,61.4,57.3,86.6,4,0,2186.0,Low
214.7,5.59,183.4,25.8,42.2,77.9,38.6,1,1,497.0,High
102.1,7.44,340.3,30.4,58.7,41.5,208.7,3,0,1908.0,Medium
141.9,5.09,609.2,18.4,77.7,48.9,219.8,4,0,2216.0,Low
118.6,5.83,448.8,30.2,42.8,25.6,63.6,2,2,188.0,High
96.4,3.05,421.6,15.8,79.6,34.8,270.9,2,0,452.0,Medium
166.5,5.67,371.6,25.6,74.3,76.4,96.2,1,2,220.0,High
106.1,3.71,140.9,18.5,66.2,60.0,164.2,3,2,3144.0,Medium
58.4,3.59,343.2,30.2,45.5,53.4,158.4,5,3,844.0,Low
74.5,6.29,316.3,27.3,46.7,6.2,16.4,4,0,3029.0,Medium
87.6,6.3,103.1,23.1,64.0,30.7,113.6,4,3,1003.0,Medium
48.3,7.88,852.2,34.2,53.1,79.8,60.8,1,1,536.0,High
77.0,7.75,211.5,22.5,65.0,53.2,25.3,3,1,717.0,Medium
69.1,6.33,105.5,11.8,83.6,55.7,123.2,2,2,1485.0,Medium
105.9,1.06,237.9,29.6,65.9,48.4,151.2,2,0,2199.0,Low
252.4,8.16,271.4,18.2,65.5,32.7,75.2,5,2,1349.0,High
80.4,6.34,309.9,22.7,65.5,51.7,118.4,2,0,2552.0,Medium
185.8,2.97,268.2,24.4,85.2,14.4,214.4,4,0,1148.0,Low
103.2,5.96,321.9,19.9,89.4,12.9,95.9,5,2,1253.0,High
76.8,2.43,359.2,24.5,76.3,30.3,45.1,3,2,677.0,Medium
46.2,5.74,347.1,20.0,72.0,48.8,173.7,5,2,614.0,Low
77.2,1.87,419.6,27.8,73.4,13.6,87.1,3,2,2306.0,Low
73.8,2.88,435.8,20.9,91.4,47.5,71.7,2,0,498.0,Medium
36.7,5.92,442.8,27.2,77.1,25.1,91.8,1,0,1001.0,Medium
41.8,6.65,514.0,32.8,92.8,27.8,89.8,5,2,2385.0,Medium
88.1,5.15,194.8,30.9,63.7,71.0,32.3,5,0,271.0,Low
184.6,3.93,200.1,26.6,50.0,45.7,129.5,4,2,3201.0,Medium
63.3,0.27,610.9,22.1,60.0,26.9,128.2,4,1,544.0,Low
16.4,4.08,243.1,27.8,61.6,48.7,93.4,3,1,3209.0,Low
26.6,5.57,298.3,23.5,94.1,15.6,122.4,1,3,497.0,Medium
110.3,3.87,280.5,28.0,81.0,52.6,156.9,4,1,2302.0,Low
20.0,4.45,1130.9,18.4,60.4,67.1,127.1,4,2,824.0,High
122.6,4.13,170.8,31.0,82.1,58.2,69.7,2,0,4620.0,Medium
106.2,3.86,168.4,27.2,68.1,88.2,60.0,2,2,1089.0,Medium
61.7,4.65,322.6,38.0,94.5,6.2,293.0,4,1,437.0,Low
36.9,3.95,286.0,33.5,65.0,47.5,129.0,3,3,1909.0,Medium
55.0,7.39,133.9,29.8,46.9,18.1,99.6,1,2,904.0,High
86.5,0.2,305.1,26.4,67.2,41.5,146.7,4,1,2051.0,Low
20.7,3.41,328.6,23.4,65.0,45.0,75.7,3,2,3176.0,Medium
172.5,2.76,226.0,31.7,49.9,90.6,174.6,3,3,2347.0,High
86.0,4.94,292.9,25.9,78.8,43.8,87.8,4,1,253.0,Low
93.1,4.65,183.5,32.8,91.4,43.4,27.2,3,2,488.0,High
105.7,7.74,134.1,29.0,53.2,65.1,103.5,5,1,1607.0,Low
161.6,8.4,241.8,29.0,84.6,43.9,55.2,3,2,1733.0,High
77.3,2.95,151.1,30.0,60.9,81.6,96.4,4,2,394.0,Medium
110.4,4.5,114.0,22.4,69.6,58.4,88.8,3,0,535.0,Medium
37.5,4.89,63.5,21.9,68.1,61.6,136.7,4,1,3340.0,Low
209.6,2.9,375.7,21.7,69.6,7.6,240.6,2,0,745.0,Medium
73.5,5.76,236.1,32.2,77.1,84.7,165.1,4,3,2188.0,Medium
37.3,4.02,613.1,22.3,54.6,31.9,128.8,3,1,2869.0,Low
46.2,2.36,250.2,22.9,89.4,44.8,117.1,4,0,721.0,Low
9.0,3.94,374.5,29.7,77.6,31.9,131.3,1,1,1219.0,Low
45.9,2.5,203.9,25.7,82.5,24.5,224.2,4,1,2193.0,Low
3.5,6.57,316.0,25.1,58.3,21.0,145.5,4,2,251.0,Low
116.0,8.3,64.0,24.7,53.3,47.1,27.6,1,1,1040.0,High
91.1,4.99,239.2,15.4,87.7,5.6,57.1,1,2,3075.0,High
28.2,4.72,171.6,22.2,52.6,40.1,191.7,1,2,1702.0,Medium
64.2,4.8,575.2,32.9,72.2,66.2,127.0,5,1,1716.0,Low
66.5,6.86,359.1,24.3,85.3,57.6,221.7,4,0,2561.0,Low
23.0,6.82,526.6,17.5,68.1,53.6,159.3,1,2,813.0,High
55.9,4.27,654.2,22.0,87.6,27.1,114.9,1,1,516.0,Medium
68.1,5.01,225.6,28.8,65.9,13.3,113.8,2,3,1631.0,High
54.7,5.81,349.2,28.7,50.8,65.8,75.0,5,2,866.0,Medium
37.3,2.22,140.3,25.5,75.6,36.0,95.1,4,2,820.0,Low
27.2,6.93,411.2,23.6,73.0,43.3,47.5,3,1,501.0,High
53.2,7.97,449.5,20.0,100.0,41.0,64.4,5,0,1897.0,Medium
41.3,6.83,393.6,28.8,55.8,58.4,54.6,5,0,1115.0,Low
100.8,2.01,225.4,31.2,66.2,81.9,106.3,2,2,512.0,Medium
168.2,0.56,899.8,33.4,59.0,74.2,80.3,4,3,2671.0,High
126.7,5.92,328.0,21.4,67.9,0.0,34.8,4,1,987.0,High
69.8,2.98,141.0,33.8,67.3,38.8,146.9,1,0,1930.0,Low
38.5,5.07,476.4,26.7,56.9,18.1,85.2,1,0,3893.0,Medium
124.4,7.57,585.7,27.1,77.0,63.8,171.3,5,0,2639.0,Medium
105.1,3.19,143.1,31.5,66.8,45.1,141.6,2,0,3611.0,Low
160.5,3.74,271.5,24.3,90.2,57.1,312.0,4,1,2603.0,Medium
77.4,5.05,103.8,16.2,60.3,37.1,106.9,2,1,1045.0,Medium
202.5,1.9,669.4,30.5,97.9,24.2,75.9,3,0,642.0,Medium
77.4,2.98,303.0,28.7,74.1,27.6,63.8,4,4,1002.0,Medium
38.4,4.55,172.2,25.2,89.1,14.3,155.3,1,2,1062.0,Medium
44.7,3.9,590.3,30.1,71.7,19.7,163.7,5,0,3161.0,Low
97.5,5.72,322.1,31.1,58.3,15.5,108.0,2,1,885.0,High
41.2,10.03,541.6,19.4,66.0,24.3,125.3,1,1,398.0,High
201.6,4.7,427.9,27.1,49.2,23.2,194.7,5,0,1564.0,Medium
91.8,2.82,155.0,15.6,68.3,52.9,159.5,1,1,1369.0,Medium
68.6,7.34,220.0,26.4,72.6,52.1,129.3,4,1,671.0,Medium
73.1,1.32,175.8,25.1,70.7,52.9,49.0,2,0,951.0,Low
54.2,1.72,133.4,29.5,90.0,68.5,65.6,3,2,3686.0,Low
12.3,3.31,81.9,21.6,67.8,43.4,86.9,1,1,1891.0,Medium
44.7,3.93,1007.3,24.9,41.6,29.4,90.2,2,0,1014.0,Medium
185.5,3.26,388.9,10.9,100.0,89.2,69.6,4,0,667.0,High
78.9,4.44,426.2,29.8,59.6,63.1,64.4,1,2,5018.0,High
136.7,5.05,630.7,26.6,84.5,48.0,92.4,4,1,4204.0,High
139.3,6.64,218.4,27.4,47.4,46.7,118.0,3,1,2485.0,Medium
64.7,4.68,110.3,19.5,73.7,50.8,143.4,3,0,1102.0,Low
106.3,3.38,512.5,29.0,58.1,41.0,32.8,5,3,639.0,Medium
13.9,6.53,125.6,35.3,27.7,47.6,80.7,5,1,661.0,Low
175.7,2.86,505.0,26.1,65.8,55.0,35.8,5,1,1091.0,Medium
166.3,1.23,96.4,30.3,69.2,30.5,107.2,4,1,882.0,Low
95.6,6.91,118.3,22.6,66.7,12.3,106.2,5,0,1298.0,Low
81.1,6.78,203.0,26.6,73.6,3.5,101.0,2,3,1250.0,Medium
65.4,2.92,493.3,19.3,66.0,62.8,92.2,4,0,554.0,Low
147.4,3.7,829.5,30.9,71.0,13.3,81.7,4,1,572.0,Medium
115.0,2.67,425.7,27.8,72.6,54.3,101.3,5,1,1022.0,Medium
49.6,5.15,208.9,20.9,69.5,21.9,145.4,5,0,1225.0,Low
24.0,7.96,570.3,23.0,67.4,22.2,85.4,4,1,3479.0,Medium
19.7,5.91,93.9,27.3,56.6,30.6,50.9,3,2,1631.0,Low
146.4,6.57,161.5,31.6,78.9,48.9,125.1,3,0,1587.0,Medium
64.3,6.14,342.9,34.4,65.8,19.2,164.3,5,0,1679.0,Low
94.5,4.5,523.0,26.3,64.5,32.7,49.3,3,0,2930.0,High
70.7,6.67,281.1,20.2,77.7,44.5,44.2,2,3,10956.0,High
19.9,5.99,260.7,28.2,73.2,20.8,48.1,2,1,826.0,Medium
14.3,7.38,271.4,35.9,59.5,73.6,100.5,2,3,4763.0,High
46.9,3.58,627.3,18.9,88.8,10.5,250.5,4,1,344.0,Low
50.2,1.02,184.6,22.2,52.2,40.6,228.9,4,2,1031.0,Low
50.2,6.59,153.3,30.1,54.5,70.5,125.3,4,4,502.0,High
51.4,5.2,268.5,27.8,80.0,18.5,47.3,4,1,2143.0,Medium
241.7,3.91,680.6,24.3,96.3,42.8,227.5,4,0,2588.0,Medium
135.3,4.02,200.5,28.1,61.3,47.7,234.1,5,1,399.0,Low
79.8,9.61,270.8,31.9,76.2,28.9,62.6,3,0,2816.0,High
63.0,3.22,92.6,26.5,52.1,43.5,108.0,5,1,1710.0,Low
64.8,2.79,278.7,26.1,56.1,56.2,163.9,3,2,2377.0,Low
112.1,4.67,376.8,29.9,87.0,35.7,211.1,5,1,3106.0,Medium
62.6,6.86,125.7,25.6,75.5,60.3,98.8,2,3,2187.0,High
126.1,9.06,628.0,32.7,87.4,52.9,173.1,1,3,327.0,High
86.2,5.81,373.7,37.1,86.3,33.3,132.3,4,0,949.0,Low
243.1,1.96,223.6,22.5,38.7,67.5,128.2,1,1,375.0,High
59.7,8.44,375.5,20.7,52.1,30.2,121.6,1,2,166.0,High
141.8,4.46,441.7,28.9,74.1,62.1,257.0,2,0,471.0,Medium
26.1,2.82,71.8,20.6,44.5,30.5,111.7,1,0,1012.0,Low
39.4,2.34,384.9,20.5,54.2,38.7,141.9,1,0,4524.0,Low
222.4,6.17,666.1,16.8,91.4,41.7,257.9,2,0,1283.0,High
122.4,4.98,182.6,25.1,61.9,51.8,147.6,3,2,1719.0,Medium
95.7,5.19,227.0,26.8,80.7,0.0,78.1,5,2,849.0,Low
283.7,7.07,254.2,24.4,69.6,54.2,104.8,1,1,1111.0,High
63.7,2.9,526.6,34.0,59.8,43.0,66.4,4,1,1383.0,Medium
141.6,7.23,143.4,33.6,45.0,50.7,103.8,2,0,1063.0,Medium
148.7,3.46,428.9,36.6,73.5,55.0,98.9,1,3,1990.0,High
191.6,8.83,257.5,27.2,91.8,52.9,86.2,3,2,773.0,High
23.3,5.7,852.8,32.9,60.2,4.9,121.7,3,1,347.0,Medium
63.4,2.66,268.0,28.5,71.0,23.8,37.8,4,1,273.0,Low
85.1,0.45,41.0,28.0,47.2,51.7,288.8,1,2,2450.0,Low
189.5,6.12,480.2,24.7,59.9,49.0,100.1,4,2,76.0,High
92.9,3.75,415.1,15.7,75.1,29.2,108.2,3,2,1096.0,Medium
148.9,4.19,363.4,30.2,81.2,59.8,225.3,3,1,488.0,Medium
21.2,6.03,655.1,32.8,78.3,39.9,146.5,5,0,2043.0,Low
52.5,6.52,81.4,19.4,39.5,62.7,84.9,3,1,1314.0,Medium
165.9,6.95,163.3,27.0,63.1,69.2,92.0,2,3,1339.0,High
58.1,2.15,314.9,32.0,55.5,50.6,190.9,5,2,1429.0,Low
67.5,7.35,350.8,25.2,65.4,56.1,205.6,4,1,1392.0,Medium
187.6,3.34,284.8,33.0,68.3,32.8,79.5,3,0,346.0,Low
31.8,0.2,93.8,26.3,86.0,62.8,222.4,2,2,890.0,Low
38.8,2.14,228.6,24.4,74.4,49.4,40.0,5,2,616.0,Low
19.0,4.94,817.2,33.3,91.3,39.1,238.7,2,1,719.0,Medium
192.5,2.54,138.1,22.3,59.5,20.6,133.6,5,0,1408.0,Low
133.6,4.32,310.2,23.4,48.7,35.3,220.8,5,2,2462.0,Low
131.3,5.18,429.9,22.5,91.8,22.8,155.1,5,2,2401.0,Medium
51.3,4.14,517.2,21.3,76.5,60.2,82.6,4,1,1595.0,Low
17.6,3.51,478.8,27.8,58.9,69.4,103.1,5,0,934.0,Low
12.7,2.0,216.9,24.4,76.6,63.3,84.5,5,7,1338.0,Medium
166.7,4.54,162.8,29.4,82.5,94.7,70.3,2,0,2191.0,Medium
100.2,0.37,856.9,18.3,71.8,35.8,143.0,5,2,716.0,Medium
114.0,3.13,548.7,21.4,59.1,56.9,31.9,4,1,1295.0,Medium
82.3,2.64,330.1,27.3,63.4,21.4,99.4,2,1,843.0,Low
34.8,4.02,723.9,34.3,74.4,41.1,115.5,5,0,706.0,Low
53.2,4.07,92.4,28.9,73.0,15.5,33.0,2,0,1236.0,Low
27.5,6.42,110.8,24.1,88.2,56.4,131.7,4,0,938.0,Low
24.4,7.67,42.3,19.6,65.9,37.9,154.8,2,1,1622.0,Low
126.2,2.26,348.2,23.8,55.5,3.9,142.3,4,0,949.0,Low
14.0,8.49,359.1,26.8,100.0,31.3,141.1,3,0,1149.0,Low
27.7,2.94,102.4,15.2,72.6,80.9,117.2,5,2,345.0,Low
55.7,4.85,536.5,20.9,82.5,53.2,58.3,4,1,2262.0,Medium
72.3,5.52,60.6,23.3,77.8,60.4,247.5,5,2,2292.0,Medium
18.8,9.39,398.7,25.7,72.8,47.5,13.2,4,1,615.0,Medium
92.1,3.42,457.8,26.7,66.6,41.4,97.8,1,0,666.0,Medium
78.9,0.91,345.5,23.9,27.9,45.3,82.3,1,2,1464.0,Low
164.8,7.48,90.6,29.5,54.1,49.9,115.3,1,1,869.0,High
73.2,2.83,650.9,27.6,74.9,23.1,68.0,4,3,1584.0,High
98.8,3.78,222.1,25.1,29.2,60.3,196.7,5,1,3274.0,Low
36.6,2.26,222.6,30.2,71.1,67.4,39.3,1,1,643.0,Low
38.0,3.78,192.2,29.8,79.9,41.1,76.0,5,0,2386.0,Low
20.9,2.82,489.1,19.7,82.5,34.5,95.1,4,1,548.0,Low
36.9,5.85,214.6,26.8,79.0,30.2,143.2,5,1,716.0,Low
52.6,4.66,128.0,31.5,84.4,80.2,143.6,5,1,1473.0,Low
154.1,3.14,575.3,32.3,94.1,36.0,180.5,1,0,1974.0,Medium
32.2,6.49,305.3,28.9,86.4,58.1,166.4,2,1,3207.0,Medium
250.1,5.01,587.7,25.8,73.0,41.2,98.7,3,1,3963.0,High
105.0,0.81,320.6,29.1,68.0,40.1,173.9,4,1,1022.0,Low
90.4,6.34,182.7,31.0,71.7,29.7,99.4,4,1,1285.0,Low
69.0,4.87,69.6,27.6,65.9,25.6,37.3,4,1,1645.0,Low
59.4,7.28,349.2,28.1,86.8,59.8,40.2,3,4,1242.0,High
41.8,4.75,254.6,25.8,78.6,25.1,93.4,2,0,1014.0,Low
18.0,2.92,501.8,20.3,64.3,54.3,55.4,5,4,823.0,Medium
33.2,4.09,207.6,26.1,89.9,46.8,103.3,4,2,1993.0,Low
192.2,6.11,406.5,23.6,65.6,60.1,169.2,5,3,3224.0,High
100.6,2.96,311.9,23.6,55.8,32.8,87.9,1,2,305.0,High
191.1,3.62,171.0,34.2,69.8,66.6,28.1,1,1,1080.0,High
40.9,4.06,219.6,31.8,57.6,42.2,148.4,1,0,312.0,Medium
26.8,2.2,108.8,18.5,84.0,96.8,82.4,4,1,1910.0,Low
68.4,2.99,892.6,21.6,57.3,12.7,95.0,3,2,702.0,Medium
34.3,4.85,400.9,25.2,68.3,93.6,334.8,4,1,2928.0,Low
79.5,6.9,102.8,23.8,84.1,42.5,180.6,1,1,1147.0,Medium
14.3,5.13,865.3,28.6,59.3,49.5,205.1,1,0,1928.0,High
7.6,4.41,136.6,20.8,76.2,32.9,89.3,4,2,630.0,Low
87.9,2.84,205.0,31.8,55.4,13.6,294.4,3,3,1429.0,Medium
195.7,6.69,267.5,26.8,73.7,34.4,62.6,3,1,1417.0,Medium
90.7,5.37,317.0,25.3,78.5,37.7,37.8,5,1,1722.0,Low
99.9,3.09,493.5,26.9,69.4,48.7,323.4,2,1,776.0,Medium
70.7,6.3,55.4,24.9,70.5,67.4,28.6,1,0,2757.0,Medium
75.8,5.62,320.3,16.8,76.7,48.8,82.7,3,0,1650.0,Medium
17.1,2.87,258.1,27.1,65.8,49.2,149.8,1,4,3120.0,High
35.4,4.3,353.3,25.4,83.3,52.7,90.0,2,2,353.0,Medium
153.0,3.51,249.3,22.2,90.6,9.9,72.7,1,1,1438.0,Medium
51.6,9.77,226.6,32.5,56.1,11.7,111.8,3,2,1113.0,Medium
151.0,5.56,288.9,30.3,96.5,15.1,107.6,5,2,4021.0,Medium
74.3,4.87,836.9,39.2,65.4,37.5,119.6,4,3,2025.0,High
77.1,5.45,229.7,31.2,99.9,7.6,215.9,4,1,1257.0,Low
51.9,7.26,633.0,23.8,65.7,31.2,154.7,3,2,1939.0,Medium
110.3,4.33,343.6,22.5,80.6,17.6,96.9,3,0,911.0,Medium
129.3,3.32,333.2,24.5,80.5,54.8,128.9,2,3,1771.0,Medium
33.8,6.19,355.5,23.7,64.2,53.8,8.6,1,0,5543.0,Medium
18.8,4.15,429.0,27.5,71.1,39.0,101.1,2,0,816.0,Low
9.7,2.36,242.4,19.3,91.6,7.0,135.0,4,1,1420.0,Low
96.5,1.97,606.8,30.2,65.2,40.3,68.1,1,3,679.0,High
88.8,7.56,429.7,27.5,63.7,51.6,84.3,2,3,582.0,High
296.1,4.76,116.9,29.7,52.7,61.2,181.2,4,0,2404.0,High
71.0,3.32,41.4,21.3,93.5,80.1,54.8,1,2,465.0,High
61.7,4.03,821.5,28.2,62.8,67.4,183.9,5,2,1752.0,Medium
81.5,6.11,362.9,33.5,88.0,48.3,258.6,5,1,2302.0,Low
84.7,3.91,105.4,22.7,61.0,39.3,85.8,2,2,942.0,Medium
58.0,1.6,229.5,22.6,87.5,30.1,55.3,3,3,3046.0,Medium
34.8,5.15,548.5,30.6,82.1,72.1,70.4,1,2,2867.0,High
68.1,6.92,277.4,22.2,66.6,48.3,248.4,2,1,938.0,Medium
66.2,6.78,294.7,25.8,59.0,57.6,53.1,3,0,399.0,Medium
65.4,3.38,487.1,34.4,60.2,33.2,55.4,3,1,1850.0,Low
118.4,7.04,385.5,22.6,60.0,20.2,28.2,1,2,1228.0,High
67.2,4.93,449.6,34.7,86.0,37.0,83.3,1,2,1484.0,Medium
19.3,6.98,483.9,25.3,72.4,38.9,121.9,3,0,1835.0,Medium
39.9,5.65,186.6,21.4,53.3,48.8,229.9,4,1,332.0,Low
57.5,1.46,199.7,30.0,66.2,30.3,88.1,2,2,896.0,Low
69.6,7.99,170.2,27.5,68.0,45.5,147.1,1,1,3748.0,High
97.9,4.6,207.8,27.1,37.9,68.6,71.4,3,1,1517.0,Low
70.1,5.65,287.0,23.2,67.1,11.5,48.6,4,2,1924.0,Medium
7.8,1.81,301.3,27.5,80.8,2.7,212.3,5,1,1423.0,Low
21.7,5.51,710.6,16.7,67.9,69.9,119.8,3,0,1884.0,Medium
102.7,6.71,373.7,28.1,73.8,15.7,154.4,4,3,2826.0,Medium
56.2,8.37,290.9,33.5,77.3,37.4,117.7,5,2,180.0,Medium
74.6,7.3,143.2,18.2,64.9,57.2,36.6,4,1,2198.0,Medium
50.7,5.61,253.0,25.0,81.0,43.8,180.5,1,1,1241.0,Medium
39.7,1.41,858.8,22.6,91.9,43.5,68.6,3,1,2465.0,Medium
52.2,4.76,850.7,19.4,47.1,46.4,142.5,5,1,969.0,Low
75.3,3.31,250.8,16.7,64.8,95.4,50.6,4,4,938.0,Medium
66.8,4.97,78.0,21.1,100.0,80.6,53.2,5,1,448.0,Low
128.7,2.07,228.0,25.8,72.6,31.1,72.1,2,0,1266.0,Low
15.6,4.08,715.3,32.7,69.5,66.0,60.5,3,1,420.0,Medium
18.1,3.47,288.4,19.4,66.1,55.1,47.1,1,3,1183.0,Medium
55.7,3.4,487.4,28.5,89.1,44.6,318.7,5,2,1482.0,Low
98.7,3.42,311.2,28.1,55.9,26.8,109.1,4,0,726.0,Low
114.1,4.23,98.4,35.4,83.9,54.0,33.4,5,1,294.0,Low
41.1,5.07,318.6,29.9,65.8,38.9,49.0,4,1,222.0,Low
2.4,0.2,527.9,30.1,58.8,37.4,63.3,5,0,558.0,Low
42.3,0.2,205.7,30.5,66.5,29.7,79.3,1,4,204.0,Medium
89.0,3.82,519.4,22.4,69.3,65.0,160.8,1,1,1453.0,High
65.9,4.1,332.0,24.1,62.5,29.6,121.9,3,1,5643.0,Low
101.3,4.88,502.4,32.6,86.7,29.8,107.4,1,2,440.0,Medium
149.5,3.04,389.1,16.7,58.9,60.6,38.9,5,1,6538.0,Medium
58.8,4.52,150.7,23.6,72.1,42.1,145.5,5,1,1412.0,Low
46.3,4.75,254.8,20.3,78.1,42.7,37.1,1,3,1636.0,High
30.6,3.03,249.1,28.2,71.9,65.7,94.7,2,1,314.0,Low
18.0,6.53,198.7,24.9,81.6,71.3,126.9,5,2,1502.0,Low
13.2,4.85,369.6,30.1,63.5,2.4,129.5,3,1,851.0,Low
37.7,5.59,951.0,26.5,79.3,42.4,117.1,2,1,3590.0,Medium
136.1,4.64,607.3,19.3,79.8,16.8,120.1,1,0,223.0,Medium
108.2,8.71,656.9,19.5,84.5,37.3,114.3,4,1,864.0,High
44.5,5.69,189.9,27.0,41.7,44.9,43.2,5,0,648.0,Low
251.6,3.52,663.5,23.1,77.6,37.9,41.7,4,2,1686.0,High
40.0,6.14,797.5,24.3,83.5,24.5,170.4,3,4,102.0,High
159.0,1.22,185.4,31.7,63.8,23.5,171.8,2,1,3516.0,Medium
184.2,4.74,417.0,30.8,61.8,59.6,52.7,4,0,1638.0,High
93.4,5.14,424.0,36.0,59.5,75.7,118.2,3,3,1556.0,High
37.4,4.76,267.7,25.4,54.5,3.8,132.6,4,2,461.0,Low
49.5,3.83,350.7,23.8,80.0,38.4,107.4,4,2,2282.0,Low
76.7,2.48,437.2,29.1,100.0,59.6,184.5,3,2,2122.0,Medium
18.5,2.92,280.0,24.2,61.7,44.3,80.9,5,1,3003.0,Low
28.0,4.7,589.8,24.4,63.0,22.7,85.5,4,2,1026.0,Medium
25.9,2.27,117.4,26.0,70.2,35.4,185.7,3,0,291.0,Low
98.4,8.04,248.4,35.3,46.0,51.0,44.1,4,0,753.0,Medium
148.6,0.2,493.5,30.5,59.6,38.9,166.6,5,2,2529.0,Low
111.1,3.85,891.9,31.0,69.1,44.0,235.5,3,1,869.0,Medium
132.5,4.72,612.5,35.0,56.6,44.6,143.5,4,0,4599.0,Medium
34.7,5.51,346.0,31.5,88.0,34.5,102.5,1,1,2321.0,Medium
51.4,2.67,289.2,21.3,50.6,61.3,45.4,5,0,4185.0,Low
54.5,6.77,258.2,31.4,83.5,35.5,117.8,4,4,909.0,Medium
93.1,1.71,259.3,32.1,92.0,24.9,66.8,2,1,1797.0,Low
38.7,3.37,69.2,30.3,75.7,89.6,89.5,3,1,562.0,Low
127.0,5.74,870.1,26.0,67.9,43.4,131.4,4,0,2409.0,Medium
180.8,6.58,303.9,29.7,73.7,0.0,61.0,5,0,1896.0,Medium
96.5,1.69,176.8,26.9,63.4,70.1,50.3,5,4,2230.0,Medium
49.5,9.79,412.9,22.1,39.5,70.0,76.2,2,3,978.0,High
32.0,2.71,187.4,23.4,55.3,54.1,221.0,2,1,1457.0,Low
26.0,1.88,555.8,30.5,69.8,57.6,132.9,4,0,1399.0,Low
8.0,5.51,181.0,22.5,55.9,88.2,66.2,1,3,982.0,High
55.9,3.8,507.4,22.9,63.8,25.7,70.8,5,2,1523.0,Medium
53.4,3.51,255.6,30.8,77.2,47.7,199.2,1,3,1725.0,Medium
121.7,5.69,378.9,27.7,72.2,84.4,41.4,1,1,1960.0,High
40.9,1.45,531.4,29.9,85.9,88.6,218.5,4,1,963.0,Low
58.4,1.1,216.4,20.9,74.4,37.7,59.6,3,1,2319.0,Low
82.3,3.31,523.5,29.7,75.3,85.2,213.5,3,0,2213.0,Low
95.4,6.66,72.1,23.7,59.3,61.1,169.7,3,2,1987.0,High
112.3,3.39,760.9,21.9,50.0,74.9,54.8,2,2,2446.0,High
76.5,7.7,579.4,24.5,63.8,60.4,155.3,5,3,1153.0,High
19.6,6.9,296.9,33.8,59.1,51.1,34.8,2,1,493.0,Medium
89.5,5.07,643.2,25.2,67.5,89.2,188.6,5,1,2220.0,Medium
38.4,5.18,603.0,38.0,54.0,34.4,54.0,5,1,831.0,Low
153.2,5.06,315.3,16.7,82.6,83.0,188.8,5,1,308.0,Low
67.8,4.82,313.1,19.3,59.0,86.2,43.3,4,1,850.0,Low
79.9,3.77,160.9,33.6,64.5,72.3,56.4,3,2,1498.0,High
311.5,4.0,326.6,34.9,69.7,43.6,248.9,2,0,3331.0,Medium
113.6,2.36,95.7,22.7,86.8,49.9,141.1,2,0,1736.0,Low
88.4,0.2,503.6,27.3,96.4,19.5,60.1,4,2,2436.0,Low
59.8,6.71,510.3,30.6,97.4,35.9,124.8,5,0,2186.0,Low
21.3,4.81,73.1,25.9,50.8,57.4,123.2,3,0,1676.0,Low
56.4,4.51,717.4,27.7,64.4,16.5,92.4,1,1,1083.0,Medium
31.7,5.3,203.0,27.1,61.5,39.0,122.5,1,1,560.0,Low
195.4,2.84,1432.5,19.6,75.6,83.9,200.4,4,0,4974.0,High
89.2,2.5,366.3,25.3,74.6,41.9,167.1,3,0,870.0,Low
149.5,3.93,721.7,27.1,61.3,65.7,144.7,1,2,1066.0,High
39.9,7.24,157.0,27.5,60.1,56.3,59.0,1,2,1217.0,High
33.8,2.16,255.2,18.3,55.0,38.8,42.9,2,1,851.0,Low
106.1,0.2,215.7,30.8,30.2,41.9,102.1,3,2,1918.0,Low
30.5,3.46,94.1,27.6,50.5,48.3,169.2,1,1,864.0,Low
46.5,6.79,117.7,21.7,83.0,4.0,24.4,2,1,1047.0,Medium
201.5,1.03,289.2,36.0,92.0,63.9,79.2,3,1,810.0,Medium
48.1,2.14,403.9,25.3,90.2,42.6,139.2,5,0,1030.0,Low
17.0,5.03,144.3,25.6,83.6,64.6,216.1,3,0,472.0,Low
10.8,9.64,244.5,30.2,54.8,52.8,15.8,4,0,375.0,Medium
14.8,1.78,186.7,36.4,52.3,41.7,101.6,2,1,3816.0,Low
155.4,1.71,302.4,30.4,42.8,49.0,75.8,5,1,2445.0,Low
42.0,5.18,479.9,31.1,61.3,49.0,107.4,2,5,3423.0,High
305.2,6.91,338.1,22.0,71.3,74.5,145.0,2,1,3631.0,High
182.2,3.25,209.1,27.4,54.9,46.3,32.2,1,1,626.0,High
233.2,1.26,590.9,24.3,76.5,50.8,57.2,3,1,3323.0,High
134.8,5.37,395.5,30.5,79.8,19.8,61.8,2,1,2744.0,High
102.2,5.73,344.6,31.0,62.9,44.1,85.4,2,3,1023.0,Medium
32.7,8.06,145.7,35.2,49.9,74.1,193.8,4,1,1723.0,Low
66.5,5.81,553.2,16.2,90.7,53.6,53.9,4,1,2388.0,Medium
109.5,6.16,421.0,23.8,70.5,23.4,69.2,4,0,2042.0,Medium
129.2,3.98,435.0,33.5,99.1,25.5,41.9,2,1,1224.0,High
23.4,9.38,270.6,20.0,71.4,30.2,85.9,5,2,1515.0,Medium
57.2,3.7,238.3,31.0,72.4,65.0,90.9,3,1,1871.0,Medium
62.5,3.28,872.8,32.7,55.5,62.5,95.4,2,0,998.0,Medium
60.6,8.12,235.8,26.9,63.6,0.0,344.7,1,0,2019.0,Medium
26.5,1.55,123.8,19.9,46.6,43.4,168.4,5,0,754.0,Low
215.6,0.81,355.9,26.4,49.8,48.0,104.3,5,0,3395.0,Low
55.6,4.74,313.5,34.3,81.1,25.8,143.6,3,0,2657.0,Low
28.4,4.5,607.2,34.7,65.8,37.2,73.5,5,0,2422.0,Low
219.0,4.04,284.7,28.0,63.7,71.6,307.1,3,0,1781.0,Medium
182.3,6.49,470.4,22.1,58.9,53.2,172.8,5,1,1595.0,Medium
74.2,2.68,747.1,35.7,64.2,35.0,159.4,3,3,2726.0,High
45.4,4.63,405.6,31.1,87.0,41.3,220.2,4,2,516.0,Low
13.6,3.78,151.4,22.4,72.2,40.4,265.2,4,3,679.0,Low
96.9,2.72,412.9,28.7,52.3,50.6,54.8,5,1,2054.0,Low
42.8,4.38,247.4,28.5,85.5,16.4,205.5,5,0,1311.0,Low
65.3,6.21,371.7,23.8,95.9,31.6,137.5,3,2,854.0,Medium
206.5,8.74,315.1,28.7,77.4,65.7,126.2,3,1,2868.0,High
40.2,5.66,121.7,32.5,83.4,43.5,246.7,2,2,1484.0,Medium
93.9,0.2,283.7,25.5,88.3,28.0,58.1,4,0,1720.0,Low
114.6,4.42,144.9,33.0,45.2,28.8,105.4,2,1,2916.0,Medium
152.2,4.6,223.4,18.2,98.0,59.4,97.0,2,0,1210.0,Medium
61.6,6.37,552.1,38.1,86.5,34.6,136.3,1,0,4644.0,Medium
56.7,4.87,331.5,27.3,77.3,55.2,140.0,3,2,559.0,Low
55.6,7.01,452.9,32.4,68.1,32.5,200.8,1,2,2856.0,High
87.5,5.28,349.3,28.1,49.9,22.4,111.0,1,1,898.0,Medium
177.3,7.62,259.6,22.9,65.0,49.9,258.1,2,0,2554.0,High
53.6,3.62,372.4,26.8,76.7,43.1,145.3,1,0,764.0,Low
3.5,4.79,82.2,17.5,53.4,58.7,54.1,3,2,371.0,Low
123.5,6.15,504.6,30.4,69.0,62.7,74.7,2,1,2577.0,High
70.2,3.36,173.1,28.0,52.2,37.8,159.1,3,0,1027.0,Low
97.0,2.92,435.4,26.0,64.2,52.0,139.6,5,3,385.0,Medium
14.2,3.24,252.6,30.8,49.7,37.2,135.1,1,1,2661.0,Medium
42.9,3.0,121.8,27.2,48.1,57.7,279.5,2,0,1587.0,Low
116.7,5.55,196.1,30.0,75.1,49.7,189.0,4,2,1025.0,Medium
20.6,0.83,436.8,31.8,61.3,32.5,84.2,3,1,1785.0,Low
93.8,1.39,1043.3,24.3,62.7,30.8,98.7,1,1,1203.0,High
64.8,8.23,301.9,22.8,60.5,50.4,81.4,3,2,1094.0,High
35.5,3.05,970.1,18.4,100.0,68.2,62.4,3,0,2369.0,Medium
33.0,4.9,82.0,27.6,79.1,63.0,290.5,5,1,1601.0,Low
26.8,1.52,266.1,29.3,80.7,26.1,138.9,3,0,724.0,Low
69.9,4.69,302.1,20.4,58.4,28.2,48.3,5,2,1340.0,Medium
76.2,3.06,451.1,34.1,77.6,31.2,244.3,5,2,2345.0,Low
49.5,1.37,201.7,22.9,66.6,33.1,68.2,5,0,541.0,Low
25.2,7.17,394.6,16.5,58.2,8.7,124.8,1,4,3043.0,High
91.8,6.87,275.2,34.5,98.9,60.8,114.1,3,1,1559.0,High
125.1,4.29,660.4,17.1,78.6,35.9,38.0,3,2,1472.0,High
104.0,6.5,356.1,31.8,77.8,54.2,25.7,5,0,1527.0,Medium
239.4,8.31,1361.7,30.6,55.4,38.7,169.6,3,0,3939.0,High
57.7,6.01,276.7,28.6,50.9,44.5,213.1,3,1,1347.0,Medium
165.9,5.46,634.5,24.4,69.1,31.3,129.5,5,1,1035.0,High
38.6,4.9,758.6,29.5,61.4,44.4,394.9,4,1,1221.0,Low
33.3,5.8,29.3,32.2,79.2,27.6,71.9,4,3,2577.0,Medium
73.2,3.77,500.7,22.1,80.2,44.6,31.0,5,0,2114.0,Low
190.7,3.95,269.9,31.9,71.0,74.1,141.4,1,0,1362.0,High
52.7,5.4,135.8,31.7,82.4,55.4,57.1,3,2,5259.0,Low
14.1,3.55,667.4,28.5,72.9,50.8,105.1,3,1,1995.0,Low
123.5,3.77,210.2,24.3,56.9,18.6,191.3,4,1,647.0,Low
62.7,4.5,77.8,31.7,67.0,56.3,77.5,5,1,188.0,Low
83.3,6.8,361.8,29.5,72.0,58.3,105.1,1,0,2133.0,Medium
34.9,2.23,728.1,21.9,83.9,50.4,207.5,5,1,1094.0,Low
72.7,6.02,137.2,25.2,73.4,49.3,97.0,4,1,358.0,Medium
16.6,6.08,541.9,31.1,61.4,42.2,141.4,4,0,1254.0,Low
217.7,6.07,59.8,27.6,84.5,58.0,151.7,3,1,2235.0,High
139.4,2.89,759.6,32.4,75.7,72.9,97.5,2,1,1185.0,High
70.2,1.11,410.7,25.3,93.2,51.6,99.4,1,2,1313.0,Medium
121.1,5.62,125.9,22.0,71.3,25.6,107.7,1,3,168.0,High
38.7,4.88,511.6,38.0,54.4,27.1,72.1,2,0,2136.0,Low
135.3,6.51,218.9,18.6,87.7,59.5,137.3,4,2,284.0,High
50.8,3.1,161.0,24.5,61.3,25.7,73.1,5,0,847.0,Low
47.9,6.02,215.5,28.4,74.4,49.0,79.5,1,0,1661.0,Low
28.5,6.61,479.8,31.9,72.8,38.1,57.7,2,2,711.0,High
91.0,4.31,153.3,30.2,70.7,23.6,216.8,3,0,837.0,Low
67.9,5.33,39.8,38.6,67.5,61.6,43.5,3,1,1606.0,Medium
169.4,5.26,223.5,26.4,45.2,59.1,283.3,4,3,1701.0,High
25.5,2.86,684.1,22.6,55.0,17.9,101.4,1,4,1393.0,High
91.3,5.56,678.5,25.9,86.8,54.6,84.5,5,3,149.0,Medium
148.7,7.74,215.2,25.4,76.4,51.7,57.8,1,2,220.0,High
77.2,4.54,209.7,26.7,98.6,61.7,61.8,3,0,2575.0,Low
50.0,1.58,200.4,22.1,54.4,48.3,72.9,1,1,1007.0,Low
75.7,3.13,194.0,30.9,69.5,73.5,454.1,3,0,5846.0,Low
160.5,0.94,203.9,28.9,87.4,42.5,72.8,2,3,1612.0,High
160.4,7.08,373.2,20.7,61.5,39.6,143.5,2,1,4587.0,Medium
60.8,6.03,694.2,31.8,62.7,25.5,94.1,3,1,1172.0,Medium
158.6,3.5,153.1,22.9,65.6,26.3,296.5,5,2,910.0,Low
65.5,1.66,175.9,21.1,63.3,24.5,123.5,5,1,2155.0,Low
120.2,2.83,401.2,27.4,78.0,49.4,48.9,1,2,2934.0,High
99.1,3.22,497.2,18.2,43.3,39.6,80.9,3,0,1177.0,Low
48.4,4.72,95.6,29.9,94.6,51.6,358.7,4,0,2107.0,Low
29.5,4.65,851.7,12.8,55.6,20.8,173.0,5,1,285.0,Low
151.3,7.18,253.5,21.9,38.2,27.9,105.8,5,0,646.0,Low
180.1,3.11,103.6,34.9,69.8,27.5,59.5,2,1,1827.0,Medium
89.8,1.48,91.6,23.6,64.3,88.4,63.9,5,0,1013.0,Low
65.4,2.19,86.9,24.4,67.3,41.7,53.6,5,1,1658.0,Low
22.4,4.45,627.0,33.4,74.7,43.7,36.2,5,2,1849.0,Medium
148.7,3.04,333.4,23.0,79.7,43.5,166.7,3,3,2083.0,Medium
82.4,3.92,630.6,30.8,95.3,76.1,149.9,3,1,2537.0,Low
54.2,3.59,292.6,32.9,59.6,12.7,117.9,2,3,2579.0,Low
122.5,6.48,619.8,29.4,81.6,43.8,233.4,1,0,529.0,High
18.5,3.33,287.6,19.8,80.6,12.5,163.3,5,2,1195.0,Low
27.2,3.75,449.9,24.0,30.4,0.0,41.5,1,0,1166.0,Low
37.4,5.93,306.2,40.6,57.5,30.3,108.5,3,2,1292.0,High
96.9,3.37,275.8,24.5,50.7,53.2,178.3,5,0,1090.0,Low
76.4,5.35,164.9,41.9,76.7,29.0,109.2,1,0,1356.0,Low
105.1,5.16,489.5,35.5,75.1,52.9,115.4,1,3,815.0,High
142.0,4.78,137.7,29.6,75.4,47.1,35.5,4,2,2426.0,Medium
107.8,2.23,489.0,28.5,65.4,42.2,74.3,3,0,1851.0,Medium
220.8,6.96,343.4,24.7,66.9,70.3,144.1,2,0,809.0,High
141.7,8.94,497.2,26.6,69.6,33.1,99.0,2,1,1376.0,High
60.6,4.52,363.2,23.6,64.0,52.6,39.3,4,1,4293.0,Medium
42.7,2.41,661.7,26.7,81.7,8.9,176.8,1,1,556.0,Medium
62.1,4.56,422.4,20.2,54.0,47.0,96.3,4,1,665.0,Medium
110.4,6.48,348.3,19.9,58.3,39.9,114.4,4,1,2502.0,Medium
46.6,3.27,35.0,33.5,71.8,21.4,41.9,3,3,3700.0,Low
112.6,4.24,678.2,18.9,64.5,53.0,32.4,5,0,1707.0,Medium
103.8,5.18,86.0,31.4,53.4,30.2,118.1,1,1,1441.0,Medium
29.1,6.91,111.9,17.5,78.0,79.6,217.2,2,0,467.0,Low
139.9,6.05,526.8,30.1,61.4,0.0,173.7,2,5,947.0,High
87.5,6.13,325.2,26.0,57.3,50.0,159.7,4,2,907.0,Medium
213.8,3.65,89.4,33.6,67.4,45.9,124.3,4,0,954.0,Low
65.7,5.3,209.5,25.3,56.6,39.4,47.2,4,1,734.0,Medium
52.2,3.06,656.4,17.0,69.5,34.4,21.8,1,0,439.0,Medium
25.7,6.19,356.1,26.1,64.6,46.4,386.5,4,1,2171.0,Low
25.3,6.8,330.6,27.8,62.3,66.2,96.0,4,5,1784.0,High
128.8,5.61,191.1,26.3,62.4,11.6,75.7,5,2,441.0,Medium
199.8,3.77,538.5,29.9,84.9,28.9,113.1,1,0,1389.0,Medium
61.4,4.09,298.6,24.2,75.5,24.0,57.7,3,2,1056.0,Low
58.3,8.11,477.0,20.7,44.4,23.1,81.4,3,1,3996.0,Medium
70.3,3.8,176.6,22.0,83.2,51.9,279.5,5,0,3120.0,Low
146.5,6.6,1046.7,24.4,77.7,56.8,133.3,2,1,3980.0,High
29.3,5.18,730.3,24.4,76.9,66.3,151.9,3,2,935.0,Medium
79.7,3.83,353.6,39.0,83.3,57.1,101.3,1,1,248.0,Medium
130.8,1.81,405.5,33.3,70.2,58.7,201.5,2,4,514.0,Medium
96.0,4.92,211.0,30.4,79.3,16.8,198.4,4,2,949.0,Medium
1.8,4.68,501.2,29.2,63.0,74.7,94.5,1,0,1117.0,Medium
108.2,8.11,43.7,28.5,82.7,40.8,108.9,2,0,4039.0,Medium
96.7,2.78,843.8,28.5,73.3,65.7,220.5,3,1,2416.0,Medium
165.7,9.09,482.9,27.8,49.3,17.5,112.8,4,0,1786.0,Medium
189.4,5.26,150.6,27.2,85.5,40.2,87.7,4,2,3151.0,High
160.2,5.26,831.3,16.5,68.1,63.9,91.7,1,1,2009.0,High
70.6,3.31,992.8,25.2,66.0,45.6,81.0,4,1,2318.0,Medium
13.4,5.13,419.7,25.8,63.4,29.9,112.0,2,2,1057.0,Medium
58.0,5.45,178.9,23.3,64.5,71.2,82.7,5,0,357.0,Low
68.9,6.37,334.1,24.2,73.4,21.6,111.8,3,2,288.0,Medium
198.1,2.54,458.8,28.5,55.2,44.6,69.0,1,0,293.0,Medium
35.2,7.31,397.5,30.8,46.5,57.8,134.9,5,2,2151.0,Medium
19.1,5.22,150.7,28.5,54.0,86.9,146.6,5,3,689.0,Medium
46.9,5.72,453.5,30.7,75.7,35.8,161.4,1,1,1063.0,Medium
36.9,4.06,651.7,30.8,67.6,39.5,148.1,2,2,403.0,Medium
17.2,2.64,123.5,25.5,86.7,36.1,192.8,3,1,2878.0,Low
62.5,4.65,135.9,29.6,69.0,49.8,117.3,1,1,1337.0,Medium
71.0,4.87,204.6,18.3,82.6,56.8,111.2,5,1,1602.0,Low
16.2,1.73,280.0,25.1,59.6,66.9,74.9,5,3,1720.0,Low
51.9,6.09,547.1,24.5,63.5,60.1,170.2,1,1,1875.0,Medium
34.9,6.49,647.3,34.7,70.1,35.1,78.0,5,3,2982.0,High
72.8,3.04,173.0,28.7,67.8,61.3,31.5,1,0,2203.0,Medium
78.3,2.45,371.1,20.3,66.4,46.8,72.7,1,1,581.0,Medium
34.9,3.89,631.4,30.0,56.9,59.9,177.6,3,4,660.0,High
139.1,4.55,1082.3,31.5,46.2,61.0,157.7,1,1,6777.0,High
67.8,3.97,369.8,26.6,79.5,77.6,126.7,5,2,2626.0,Medium
36.4,4.38,383.2,30.5,77.8,37.9,343.2,4,1,5343.0,Low
15.1,4.94,421.4,14.5,60.8,34.1,135.3,3,1,1124.0,Medium
81.4,1.76,259.8,13.5,75.7,53.9,65.1,5,2,3691.0,Low
96.5,1.99,351.4,21.1,67.5,68.7,61.3,5,1,1920.0,Low
44.7,0.2,55.5,27.7,86.6,46.2,148.0,3,0,1676.0,Low
74.5,6.39,211.8,34.7,50.3,70.0,239.3,3,1,1380.0,Medium
189.4,4.53,449.1,21.4,68.1,58.8,110.3,5,0,2391.0,Medium
124.5,6.6,165.3,22.7,66.9,41.0,137.7,4,1,1982.0,Medium
5.9,2.22,555.1,27.4,72.4,56.3,141.9,2,3,1175.0,Medium
36.0,4.55,76.0,24.5,93.1,36.3,350.5,5,1,842.0,Low
60.1,4.93,541.8,24.3,68.1,49.8,186.5,3,2,1203.0,Medium
70.7,3.38,540.9,24.9,81.1,23.5,212.5,1,0,1350.0,Medium
75.8,1.39,1093.9,33.6,67.8,43.6,63.4,1,1,986.0,Medium
92.2,7.99,252.5,32.6,86.1,65.0,77.8,3,2,639.0,High
61.7,7.3,325.4,27.1,81.3,60.3,74.1,3,0,1421.0,Medium
67.6,3.74,794.5,35.3,65.0,57.4,95.6,2,1,1819.0,Medium
129.0,5.52,733.8,29.5,63.9,50.7,115.5,3,2,1650.0,High
82.6,3.53,606.2,32.8,77.3,48.2,132.1,1,1,506.0,Medium
23.3,2.51,406.3,22.7,60.2,19.7,105.7,4,2,3966.0,Low
72.4,8.15,781.5,23.7,72.9,40.9,73.0,3,0,4619.0,High
60.2,1.19,1327.0,23.7,64.7,48.7,54.9,2,3,2124.0,High
9.1,3.93,475.8,26.6,75.5,22.5,140.1,4,2,2431.0,Low
75.3,4.67,336.0,27.3,67.6,10.0,164.1,2,0,1610.0,Low
26.4,7.8,512.0,28.6,59.6,67.6,98.2,4,1,1748.0,Medium
130.3,6.29,366.4,36.9,86.6,46.0,35.4,3,1,270.0,High
91.2,1.16,268.4,30.6,73.6,49.2,185.5,1,1,1258.0,Medium
22.1,4.49,556.5,24.4,69.2,56.1,95.7,4,0,1273.0,Low
126.3,4.54,227.1,27.0,76.3,25.4,44.2,5,3,4524.0,Medium
167.5,4.04,469.6,34.5,44.9,36.9,109.5,2,1,1076.0,High
54.6,5.74,92.7,30.9,100.0,75.1,192.7,4,0,3921.0,Low
60.0,1.68,866.5,34.5,70.4,35.2,85.5,2,0,1377.0,Medium
117.9,3.68,182.8,24.6,40.6,39.7,16.8,1,1,958.0,High
159.3,5.46,110.2,23.4,88.0,31.6,92.6,2,0,289.0,Medium
12.4,5.86,718.5,23.5,58.7,30.2,70.7,2,4,1728.0,High
24.7,4.8,800.9,25.0,85.7,67.1,121.5,5,1,719.0,Low
47.6,3.92,401.0,21.7,71.8,0.0,111.0,2,4,329.0,High
52.0,4.26,304.4,28.5,46.4,35.9,81.0,4,1,2114.0,Low
115.6,5.98,256.9,28.6,73.9,49.5,77.9,2,1,1778.0,High
159.8,4.57,386.9,33.7,72.8,78.9,224.6,3,1,1891.0,Medium
167.8,2.42,316.2,18.2,87.3,22.3,147.5,2,0,1368.0,Medium
12.0,2.03,290.4,22.3,77.8,18.9,144.8,3,1,779.0,Low
33.1,1.52,168.1,31.0,51.4,27.8,179.5,2,1,565.0,Low
40.5,7.41,132.3,27.9,85.0,59.0,95.2,2,3,3599.0,High
33.0,6.11,344.7,27.2,63.8,47.5,258.1,4,0,2238.0,Low
91.1,4.29,379.2,33.3,95.8,16.1,132.9,3,1,2651.0,Low
99.0,3.59,190.8,22.0,64.7,47.0,118.0,3,1,1214.0,Low
67.0,3.35,211.7,23.4,66.8,76.0,132.0,5,1,699.0,Low
62.2,6.69,378.6,22.8,57.7,50.3,92.4,2,0,636.0,Medium
49.3,8.31,164.7,16.9,62.5,48.3,72.8,2,0,1443.0,Medium
54.2,3.29,620.7,27.7,58.6,49.5,203.2,4,1,725.0,Medium
188.0,6.78,457.8,24.4,87.6,53.3,51.7,5,1,241.0,High
109.5,4.56,189.5,23.3,50.0,19.7,54.7,5,0,2039.0,Low
50.9,4.08,443.1,22.4,82.1,40.4,103.3,4,1,2651.0,Low
61.3,7.51,167.8,26.9,82.4,41.4,63.8,3,2,877.0,Medium
92.6,4.48,542.5,23.0,90.7,35.3,35.5,1,2,316.0,High
22.1,5.09,173.0,28.1,70.7,58.7,53.4,4,0,1540.0,Low
74.3,5.0,300.4,29.3,54.6,32.3,65.0,3,1,1202.0,Low
105.3,1.25,358.7,25.5,67.4,37.8,136.4,5,2,1009.0,Low
96.0,5.08,793.5,25.2,78.9,19.8,98.6,4,2,1864.0,High
33.7,3.37,181.7,27.9,71.3,52.6,184.0,1,2,1482.0,Medium
39.5,1.66,176.1,26.9,75.5,63.8,51.5,2,4,1813.0,High
7.8,3.47,98.0,33.7,90.5,37.8,57.5,4,2,1432.0,Low
113.2,3.45,936.8,28.6,78.7,61.1,124.5,1,1,723.0,High
241.4,6.56,332.7,32.5,73.0,42.1,70.9,1,1,679.0,High
29.6,2.37,629.9,30.1,42.3,0.0,89.6,4,0,1370.0,Low
141.2,2.92,214.5,20.4,58.2,44.0,53.9,3,1,2521.0,Low
227.5,4.97,229.4,24.2,63.9,41.5,51.4,4,1,1459.0,Medium
45.4,1.85,315.0,26.8,40.3,47.1,69.2,5,0,798.0,Low
61.3,3.18,321.4,31.3,53.4,50.1,190.1,1,1,1535.0,Medium
80.6,1.17,500.4,36.6,66.0,31.3,43.5,1,0,1581.0,Low
93.9,6.34,339.3,24.6,68.4,74.4,202.5,2,2,729.0,Medium
83.9,3.9,249.6,27.3,77.6,43.7,180.1,1,2,4576.0,Medium
48.4,4.47,947.4,31.0,66.9,41.0,80.8,2,0,2434.0,Medium
104.2,6.33,166.3,26.7,73.7,59.9,110.8,1,1,1218.0,High
49.3,3.06,182.5,35.2,63.7,45.4,130.4,1,2,4351.0,Medium
88.1,3.88,168.2,20.3,70.6,96.3,159.3,4,1,1734.0,Low
65.2,2.39,512.7,30.4,76.8,40.8,57.5,4,0,1632.0,Low
10.6,2.38,434.4,30.3,92.1,52.0,169.9,5,2,3362.0,Low
155.4,2.66,291.2,32.8,62.3,30.0,116.1,3,1,2446.0,Medium
40.4,3.52,161.5,27.3,72.2,62.4,60.2,5,0,1915.0,Low
165.8,3.73,357.7,31.5,83.0,51.2,116.9,1,2,986.0,High
137.4,5.08,557.9,25.8,48.4,38.2,59.8,5,0,1355.0,Medium
78.9,2.72,813.3,23.0,100.0,27.6,108.5,4,1,1202.0,Medium
97.4,5.14,207.8,22.3,87.7,18.8,83.1,1,2,811.0,Medium
105.8,5.47,290.5,19.8,44.3,53.4,120.5,1,8,5560.0,High
57.0,3.56,431.7,24.8,75.6,17.3,124.6,5,0,2460.0,Low
59.2,2.89,247.8,28.6,61.5,71.2,217.9,2,3,1167.0,High
102.3,4.67,111.9,26.0,64.0,19.7,154.1,3,1,1780.0,Low
65.7,4.09,291.5,28.0,75.3,41.4,139.0,5,1,1212.0,Low
48.5,4.94,124.3,33.2,85.8,27.4,34.0,5,2,707.0,Low
34.2,7.64,587.7,24.4,63.0,45.7,186.7,3,1,237.0,Medium
90.0,4.64,262.1,38.7,63.2,45.5,85.3,1,0,1890.0,Medium
39.3,3.22,311.7,30.8,75.6,53.9,53.9,1,1,1388.0,Low
121.9,2.72,186.1,26.0,78.6,14.5,312.4,2,0,2932.0,Low
129.0,2.8,319.9,25.9,54.9,29.7,70.8,5,3,884.0,Low
96.8,1.57,696.9,22.0,95.9,64.4,231.1,3,4,2935.0,Medium
111.6,6.37,627.6,26.9,60.4,58.2,131.4,5,2,3163.0,High
97.0,0.2,140.6,16.2,84.5,0.0,148.1,4,0,2666.0,Low
117.1,5.48,18.7,33.3,76.8,52.5,109.0,5,0,2371.0,Low
113.7,2.76,293.1,12.9,79.1,24.4,61.3,5,0,1288.0,Low
86.5,3.48,263.4,27.2,60.6,33.2,164.4,4,0,2900.0,Low
138.6,2.7,252.1,21.3,44.1,40.5,126.0,4,1,2589.0,Medium
58.6,7.39,217.7,23.5,69.7,76.1,125.0,3,2,1498.0,Medium
35.1,4.53,138.0,24.1,69.7,24.1,114.8,1,1,332.0,Medium
33.5,6.08,1139.1,36.6,55.6,16.9,94.0,2,2,1123.0,High
52.0,7.1,936.3,21.5,83.8,54.0,165.0,4,2,2691.0,High
8.9,4.83,244.5,31.6,69.2,44.4,145.8,1,2,1713.0,Medium
78.3,2.11,354.4,32.8,57.9,69.1,175.4,3,1,959.0,Low
106.8,4.06,594.2,15.3,78.8,37.9,96.5,5,1,1426.0,Medium
127.7,3.02,353.6,23.9,79.2,69.2,91.9,3,2,1495.0,High
13.3,3.49,230.7,34.4,59.3,45.3,78.7,3,1,686.0,Low
34.5,4.31,113.7,20.4,88.5,55.6,116.7,4,1,934.0,Low
119.3,4.23,327.7,33.0,100.0,77.5,35.2,2,3,5290.0,High
57.2,5.32,125.9,26.9,53.6,41.7,396.6,4,1,78.0,Low
105.2,5.61,668.2,26.7,67.2,65.9,73.6,5,2,1414.0,High
21.0,4.23,317.9,27.3,75.1,32.7,213.8,4,2,2691.0,Low
164.5,5.31,454.1,28.7,100.0,49.6,84.1,5,2,1396.0,High
19.3,3.4,257.9,22.2,59.0,16.1,152.9,4,3,856.0,Low
76.6,7.13,544.7,25.7,55.9,34.9,270.5,2,0,1059.0,Medium
78.1,3.37,204.5,28.9,55.8,23.8,148.1,1,1,4436.0,Medium
44.4,6.89,393.6,27.9,88.3,69.4,261.9,2,2,2186.0,High
94.4,1.55,251.2,28.7,59.4,79.8,206.8,4,2,2094.0,Low
96.3,3.74,278.5,23.4,57.2,37.9,58.6,3,1,1283.0,Low
89.1,3.84,589.5,30.2,73.5,29.5,165.8,1,3,1647.0,High
43.7,5.06,185.0,27.6,74.6,18.7,135.1,3,1,593.0,Medium
36.8,6.22,411.3,19.1,86.1,50.3,69.9,2,3,4608.0,High
47.7,2.0,716.9,24.3,71.4,33.0,197.0,1,2,2287.0,Medium
32.6,2.28,576.3,22.5,73.7,34.0,50.4,4,3,1405.0,Medium
142.9,1.7,208.9,22.5,68.4,77.6,189.9,3,1,1563.0,Low
51.1,7.14,447.8,24.6,50.4,39.1,167.1,4,1,1970.0,Medium
75.0,5.1,76.1,30.1,67.0,56.7,118.1,5,0,588.0,Low
119.0,2.33,601.8,23.9,70.9,46.1,75.9,1,1,1104.0,Medium
31.2,3.61,1324.6,28.1,63.3,17.9,164.5,3,1,606.0,Medium
18.5,6.86,396.3,27.3,46.5,8.1,27.8,2,1,2277.0,Medium
32.7,3.94,738.6,23.1,53.0,54.8,67.0,2,2,438.0,Medium
81.2,3.83,109.3,25.3,69.4,79.1,110.0,2,3,642.0,Medium
77.2,2.94,150.0,31.3,84.0,51.3,118.2,2,4,2480.0,High
88.9,2.45,257.2,27.7,95.2,57.5,68.1,3,1,1652.0,Low
61.5,6.87,291.4,29.7,67.2,26.9,69.1,5,1,4114.0,Low
3.4,7.85,397.9,33.4,59.2,65.3,150.8,2,0,1094.0,Low
60.0,2.53,209.6,29.2,64.4,65.1,59.8,2,0,1242.0,Low
130.0,7.31,356.8,17.4,54.3,31.1,88.6,2,0,3548.0,High
153.0,3.53,588.7,28.4,81.8,55.9,50.2,5,1,2957.0,Medium
71.4,5.57,446.7,23.9,100.0,9.7,113.6,1,0,2516.0,Medium
77.4,7.32,251.4,36.1,59.6,59.5,97.5,2,1,759.0,Medium
103.8,4.21,517.8,29.0,52.1,33.6,26.0,2,1,813.0,High
150.2,3.84,243.8,24.0,85.1,20.5,43.5,2,0,1321.0,Medium
66.7,6.1,344.0,29.8,74.8,53.1,221.3,1,0,1296.0,Medium
102.8,2.28,570.2,27.5,75.0,9.6,71.7,2,2,771.0,Medium
42.1,6.79,286.1,18.4,93.8,51.8,137.1,1,1,1057.0,High
21.4,4.79,124.5,31.3,49.5,22.4,57.1,1,2,1349.0,Medium
45.9,3.34,337.7,25.0,49.1,18.1,239.5,4,2,2848.0,Low
173.3,3.29,573.3,34.1,67.6,46.2,33.5,4,1,3383.0,Medium
104.2,1.73,605.9,26.4,71.0,41.5,209.1,2,4,2222.0,High
23.5,3.43,145.2,34.2,64.7,74.1,118.0,3,1,375.0,Low
107.6,3.97,505.0,29.1,100.0,19.3,162.1,4,3,3103.0,Medium
25.2,2.38,274.6,31.9,65.3,72.5,223.2,4,2,2230.0,Low
88.1,4.41,768.3,24.5,61.7,22.2,128.5,3,0,2581.0,Low
30.1,5.45,126.6,28.8,71.9,63.4,274.8,5,0,810.0,Low
22.2,4.07,499.1,18.4,84.6,67.1,221.1,2,4,3637.0,Medium
192.6,5.83,254.3,26.4,59.1,51.4,159.2,5,2,1208.0,High
51.1,2.89,212.1,19.6,67.8,29.2,201.7,5,1,763.0,Low
102.9,6.51,586.0,21.3,85.0,14.5,111.2,1,1,2364.0,High
68.8,4.74,643.0,22.5,85.8,6.0,61.7,1,0,1335.0,Medium
27.2,7.59,56.8,30.3,73.3,82.0,365.3,2,3,2183.0,Medium
55.5,9.33,592.4,26.3,100.0,39.1,115.8,3,2,1051.0,High
27.4,3.56,310.1,27.2,99.7,22.9,132.1,1,1,552.0,Low
285.0,3.64,331.4,26.1,48.9,22.1,45.1,4,2,1030.0,High
115.9,4.01,120.9,32.4,44.6,48.4,230.9,2,0,447.0,Low
67.8,5.69,478.5,27.0,81.9,37.1,130.0,5,0,2235.0,Low
99.1,7.15,1155.9,28.2,90.5,6.6,150.7,2,1,106.0,High
110.9,3.19,221.6,24.1,66.6,62.3,162.5,1,0,2974.0,Medium
111.1,5.26,680.5,32.7,62.5,51.7,70.4,3,0,482.0,Medium
107.8,4.23,323.3,33.1,57.7,81.8,227.4,5,0,2727.0,Low
102.1,5.74,228.1,26.8,52.5,67.8,138.2,3,1,2048.0,Medium
72.1,7.52,102.2,24.1,87.0,0.0,27.3,2,2,189.0,Medium
182.9,4.02,739.4,18.9,64.3,73.3,202.1,3,3,1605.0,High
75.5,1.16,350.2,22.7,74.5,69.1,105.1,3,1,422.0,Low
69.3,5.99,236.6,16.2,42.6,30.3,75.3,2,0,1611.0,Medium
76.0,2.83,265.4,22.4,85.0,36.3,36.1,5,0,824.0,Low
80.1,4.21,502.7,28.8,78.8,53.2,88.6,3,1,194.0,Low
13.5,6.07,236.3,26.7,49.8,24.7,82.6,3,2,1975.0,Medium
32.4,5.09,160.4,38.6,73.9,40.1,214.5,2,1,1298.0,Medium
61.5,4.3,300.5,25.1,70.1,65.0,78.6,4,2,1398.0,Low
12.7,3.35,294.3,24.8,63.2,55.4,41.7,3,2,236.0,Low
67.8,0.2,289.9,32.3,26.5,31.7,151.7,1,1,209.0,Low
79.3,5.9,238.6,17.4,60.1,65.5,220.6,5,2,1111.0,Low
20.5,3.99,694.8,19.6,74.5,51.1,92.3,3,0,2674.0,Low
39.6,7.53,1406.3,30.3,61.8,50.4,305.1,2,2,2263.0,High
157.2,5.3,145.5,26.0,66.7,34.7,200.7,1,1,1932.0,Medium
99.8,3.42,48.3,26.1,92.5,44.9,231.6,2,1,3256.0,Low
95.8,6.63,275.8,22.3,68.8,29.5,149.2,3,0,861.0,Low
144.6,6.8,54.4,28.2,38.5,6.2,139.7,1,1,2015.0,Medium
32.9,4.06,93.6,23.0,67.2,39.4,76.4,5,2,307.0,Low
20.5,6.89,224.5,27.4,71.5,42.6,267.4,5,2,5504.0,Low
131.8,3.39,500.4,21.2,57.6,47.7,242.9,5,2,739.0,High
62.8,4.82,273.6,26.1,81.0,69.2,270.7,4,3,1906.0,Low
32.2,5.64,35.7,37.1,48.1,32.0,111.6,2,0,4061.0,Low
13.3,6.07,271.1,24.9,67.9,37.6,93.3,3,1,1024.0,Low
76.7,5.74,285.3,26.3,47.9,60.3,173.8,1,2,1874.0,High
57.3,3.83,288.5,26.0,65.6,29.9,85.2,2,0,1583.0,Low
49.9,6.69,632.9,27.9,80.6,48.1,112.3,3,1,983.0,Medium
5.3,4.25,569.1,29.3,67.6,36.8,29.8,4,3,819.0,Medium
181.3,3.36,341.2,28.3,66.7,40.1,132.5,3,2,471.0,Medium
16.9,3.39,1024.0,28.4,70.4,60.2,158.9,2,1,1216.0,Medium
53.8,8.38,224.0,26.1,71.2,37.5,234.5,3,1,756.0,Medium
46.9,3.02,297.9,27.5,80.4,60.8,177.6,1,2,714.0,High
101.9,7.08,319.6,25.9,80.5,6.0,194.9,4,1,2113.0,Medium
13.5,2.23,101.3,17.9,91.3,16.4,293.8,1,4,1504.0,Low
93.5,5.48,324.2,40.2,72.5,0.0,67.7,4,0,2797.0,Medium
77.0,5.09,85.2,30.6,45.1,21.7,60.1,4,0,974.0,Low
38.0,7.74,199.2,22.1,82.9,82.1,127.2,3,0,508.0,Low
91.2,3.19,351.5,28.2,90.2,44.6,55.4,1,1,2136.0,Medium
67.7,2.64,115.8,20.3,100.0,30.6,137.6,4,2,2215.0,Medium
210.0,4.27,403.5,24.5,91.8,60.7,56.8,4,1,1702.0,High
57.3,7.83,176.4,19.6,62.6,63.5,64.8,3,0,697.0,Medium
28.5,2.73,250.8,26.7,72.8,20.6,36.5,2,1,1413.0,Low
94.2,0.2,449.5,19.1,65.9,95.0,131.3,2,1,487.0,Low
51.8,4.62,307.2,28.9,63.9,50.5,46.8,5,1,747.0,Low
66.6,6.4,397.5,30.4,68.3,53.0,153.3,5,2,3055.0,Medium
20.7,2.47,432.0,22.9,89.3,54.9,167.9,4,3,906.0,Low
103.0,6.2,303.8,27.8,46.2,54.9,72.7,2,2,2579.0,High
45.2,2.43,412.3,22.6,55.0,32.6,181.2,4,1,1775.0,Low
81.4,4.21,196.8,29.6,88.3,87.3,169.8,1,0,4002.0,Low
244.5,6.01,446.0,23.6,91.8,39.3,206.8,2,2,1726.0,High
54.7,2.13,277.0,30.9,60.1,64.2,68.8,2,2,1648.0,Medium
113.0,4.86,705.8,17.9,94.8,35.5,67.0,2,2,311.0,High
57.7,6.93,356.4,22.0,84.6,32.0,162.9,5,1,765.0,Medium
38.4,5.45,218.0,21.5,66.0,83.0,126.2,3,2,1108.0,Low
160.8,3.06,451.0,28.0,33.5,42.8,133.2,3,2,5057.0,High
9.3,7.54,724.5,29.8,45.0,44.3,239.0,5,1,815.0,Medium
133.4,5.82,232.5,28.4,60.1,50.7,41.8,5,3,518.0,High
7.9,0.78,205.0,24.5,81.4,97.0,188.3,5,2,373.0,Low
124.2,6.23,21.9,13.0,81.4,88.4,169.9,3,2,300.0,Medium
67.4,3.36,355.8,27.2,63.0,70.7,159.1,4,4,5174.0,High
28.5,4.89,258.2,30.9,66.5,100.0,197.5,5,1,1556.0,Low
47.8,6.52,449.8,40.4,69.5,26.1,102.0,4,3,582.0,High
108.8,3.4,456.0,24.9,66.7,58.1,54.1,4,3,3318.0,High
229.7,1.21,105.3,23.7,72.5,46.5,78.4,1,5,4355.0,High
14.1,7.51,567.5,28.6,69.5,9.6,72.2,3,0,607.0,Medium
30.2,6.83,183.5,25.7,44.9,54.3,14.5,4,1,945.0,Medium
18.9,4.33,233.4,33.4,66.9,35.2,159.3,3,0,2971.0,Low
57.4,6.21,405.0,23.0,69.7,75.7,94.0,3,1,2236.0,Medium
126.5,3.76,137.8,25.8,84.8,37.1,103.1,1,1,1192.0,Medium
16.3,4.69,206.6,31.4,57.5,36.0,81.5,3,3,3027.0,Medium
66.0,4.21,127.6,28.5,73.1,75.7,112.7,4,2,298.0,Medium
123.8,3.84,598.2,32.8,78.4,43.7,258.7,2,1,497.0,Medium
47.2,5.22,248.0,24.8,67.8,68.3,36.0,4,0,728.0,Low
77.5,2.08,117.6,33.3,43.7,53.5,285.2,4,2,654.0,Low
153.0,4.0,124.6,18.7,85.2,53.8,130.5,3,1,134.0,Medium
25.2,5.13,538.4,18.9,81.2,40.1,84.8,4,1,994.0,Low
10.5,8.18,171.2,33.4,73.4,55.0,91.3,2,2,2018.0,High
84.6,2.16,229.6,27.0,70.6,42.4,64.0,3,2,2458.0,Medium
86.3,5.54,333.4,31.6,43.3,28.9,27.4,5,4,2325.0,High
44.5,5.76,260.4,27.5,81.6,42.9,57.0,4,0,2838.0,Low
37.5,0.75,65.3,27.0,92.3,70.8,112.9,4,1,1855.0,Low
68.4,5.32,480.9,20.4,53.3,55.7,98.0,1,3,858.0,High
24.8,6.26,274.0,26.9,90.2,60.4,147.9,5,2,226.0,Medium
24.8,5.68,394.5,33.8,87.0,45.0,81.9,5,1,219.0,Low
108.3,4.33,503.3,27.3,52.9,6.2,75.1,2,0,1480.0,Medium
23.2,5.17,51.4,30.4,64.1,20.6,339.6,5,1,615.0,Low
11.4,4.84,506.3,30.3,49.1,39.2,65.1,1,2,1423.0,High
37.4,1.12,1247.6,21.9,69.0,22.3,67.8,2,4,450.0,High
45.4,4.89,422.2,31.3,76.7,34.5,195.7,5,1,3227.0,Low
93.5,3.77,712.6,25.4,50.2,33.8,169.5,2,1,1024.0,Medium
40.3,3.09,585.7,25.7,75.8,34.4,88.6,5,3,1092.0,Low
170.4,9.47,494.6,37.5,79.6,73.7,177.5,5,1,1173.0,High
71.2,7.01,598.7,30.0,79.8,43.9,121.0,5,0,2984.0,Low
33.0,2.2,662.0,23.8,76.8,63.7,82.5,4,0,507.0,Low
90.7,5.19,678.3,27.3,51.6,48.3,163.1,5,1,1197.0,Medium
168.4,7.42,124.3,27.2,68.2,73.3,114.1,4,1,1391.0,Medium
106.2,1.51,621.5,35.4,75.3,65.4,28.7,3,2,671.0,Medium
15.3,4.65,271.3,27.2,91.9,33.2,163.2,1,0,2053.0,Low
48.7,4.75,693.3,38.0,70.0,84.2,104.4,2,0,2756.0,High
80.4,1.95,446.0,20.5,76.4,35.9,247.4,2,2,222.0,Medium
103.2,5.26,122.8,26.8,56.0,49.0,182.1,3,1,2209.0,Low
57.6,6.73,751.9,23.2,52.7,52.5,126.6,5,0,174.0,Medium
51.4,7.52,184.2,24.5,50.8,54.8,90.1,1,2,672.0,High
209.0,4.0,262.0,24.6,63.7,60.9,112.2,3,3,845.0,High
107.3,9.5,860.2,23.4,100.0,29.9,63.0,3,1,866.0,High
90.9,0.38,357.9,35.7,64.0,59.2,126.6,2,0,3089.0,Low
41.8,5.21,254.0,34.1,75.5,56.6,257.8,4,0,915.0,Low
24.5,1.68,308.7,29.0,78.4,45.0,304.6,4,1,915.0,Low
92.0,4.68,250.2,24.6,53.6,41.2,216.8,5,1,391.0,Low
115.5,3.46,537.7,23.6,63.5,28.8,122.4,5,1,1665.0,Low
66.4,5.51,255.7,30.7,79.4,54.6,41.7,3,2,1125.0,Medium
107.5,4.25,316.0,28.5,76.4,31.8,108.2,5,1,1902.0,Low
109.4,2.85,470.3,26.3,40.1,49.8,188.8,4,1,383.0,Medium
120.8,2.98,437.5,29.7,78.9,43.0,177.1,1,2,4063.0,Medium
15.0,8.36,195.9,31.5,61.7,18.3,102.1,2,2,2319.0,Medium
49.9,5.39,541.8,26.2,62.1,26.3,97.2,4,0,1377.0,Low
96.0,1.1,223.8,23.1,76.1,53.1,141.2,5,3,2649.0,Low
69.3,5.6,147.4,20.4,92.8,34.5,116.4,2,1,4133.0,Medium
109.7,4.11,71.4,28.3,67.0,33.8,107.9,2,0,1692.0,Medium
90.9,4.51,287.4,37.8,87.7,29.7,104.8,3,1,1153.0,Medium
5.8,6.14,86.1,21.4,48.4,30.4,233.7,5,1,898.0,Low
140.9,6.87,175.8,32.5,72.0,77.9,57.5,3,1,1043.0,Medium
44.9,2.78,321.4,23.6,61.9,22.6,93.8,2,2,1522.0,Low
31.3,4.44,653.2,24.6,74.2,74.5,97.1,3,2,1111.0,Medium
137.7,3.41,266.9,31.6,65.6,38.4,124.3,5,4,2177.0,Medium
103.9,5.69,103.2,25.7,49.9,31.9,114.2,4,3,3437.0,Medium
150.9,4.04,301.7,28.2,56.7,52.7,109.7,1,3,461.0,High
81.1,4.56,637.6,28.1,45.4,46.1,59.9,4,0,459.0,Medium
49.4,3.96,262.6,23.6,50.4,41.1,114.1,2,2,925.0,Medium
74.3,4.29,722.0,31.5,77.2,49.4,160.8,4,1,224.0,Medium
26.4,7.91,320.2,26.7,66.2,45.7,126.8,3,1,3873.0,Medium
18.4,9.28,507.5,20.1,73.5,40.7,56.8,5,1,2846.0,Medium
39.2,5.25,375.6,22.5,97.2,63.7,119.8,4,0,1143.0,Low
181.4,4.3,700.7,11.4,65.6,16.1,115.3,4,0,1228.0,Medium
42.6,1.31,1064.9,27.3,79.5,26.7,91.6,5,2,1724.0,Medium
11.7,2.98,231.9,33.5,70.4,29.2,127.6,3,0,681.0,Low
58.9,4.25,361.3,21.8,100.0,23.8,76.6,1,0,1012.0,Low
42.2,3.07,652.9,29.9,24.7,46.7,164.8,4,2,725.0,Medium
142.6,3.28,384.3,29.2,59.2,55.1,294.4,2,0,1395.0,Low
172.9,7.65,68.1,23.2,79.8,5.7,172.8,3,2,1424.0,High
47.5,4.56,265.5,34.7,58.7,35.5,68.9,3,3,1201.0,Medium
81.0,4.74,382.2,25.6,78.5,38.6,159.8,4,2,2663.0,Medium
86.0,3.15,819.3,37.1,69.1,39.3,182.4,5,1,1214.0,Medium
64.2,6.86,348.4,18.8,83.0,19.3,140.0,4,1,1273.0,Medium
55.5,4.07,166.8,25.7,53.0,38.7,148.2,4,0,320.0,Low
29.4,3.46,388.1,26.2,72.6,26.8,108.0,5,1,2130.0,Low
9.6,1.34,769.5,26.8,77.0,38.3,51.0,2,0,1500.0,Low
29.3,4.38,206.1,30.6,72.0,10.6,103.6,5,1,2293.0,Low
62.5,3.4,225.9,44.0,72.2,38.4,62.5,4,1,628.0,Low
16.3,7.87,208.4,29.3,88.0,30.6,98.3,1,1,491.0,Medium
78.0,8.19,115.3,27.1,44.8,39.8,80.9,5,1,1099.0,Low
70.3,2.03,338.1,21.5,71.9,51.0,59.8,2,0,183.0,Low
42.2,2.26,312.0,17.5,51.9,44.1,228.6,5,2,4019.0,Low
53.6,3.95,75.5,32.9,81.4,60.9,112.8,5,0,1070.0,Low
19.6,2.87,177.0,24.3,57.4,37.8,82.6,3,1,82.0,Low
119.3,4.93,368.3,40.0,32.9,57.4,37.4,3,2,872.0,Medium
118.0,3.85,500.0,31.3,81.7,67.5,177.2,4,2,1162.0,Medium
23.2,5.06,587.2,28.7,66.0,50.5,129.2,4,1,3456.0,Medium
23.9,6.53,525.6,29.0,75.3,44.6,317.5,5,2,1383.0,Medium
29.6,2.37,324.6,29.0,91.4,53.3,72.7,1,0,347.0,Low
99.4,6.49,99.6,23.5,75.6,51.2,218.4,4,0,1740.0,Low
85.8,3.04,277.8,18.2,72.5,65.0,103.6,5,0,1366.0,Low
136.7,8.8,31.9,24.2,69.3,60.9,64.6,5,0,1128.0,Medium
147.1,7.74,369.4,26.9,52.8,61.1,88.5,5,1,988.0,Medium
14.7,4.27,200.8,23.8,66.8,45.9,120.8,5,1,2539.0,Low
96.9,2.57,50.0,20.6,99.6,51.8,82.7,5,0,1335.0,Low
143.2,2.19,414.6,23.3,64.4,51.5,52.2,3,0,1271.0,Medium
50.9,6.25,763.9,32.2,67.7,20.9,63.2,2,0,2955.0,High
65.5,4.44,87.2,30.7,88.9,66.4,151.9,2,0,2341.0,Low
58.1,6.35,436.8,27.9,46.9,11.6,58.1,5,2,1746.0,Low
60.1,8.91,245.7,29.9,79.3,59.2,76.0,4,1,742.0,Medium
119.1,2.96,184.1,21.3,46.2,50.3,59.5,1,2,1042.0,Medium
204.0,2.04,184.4,23.0,76.0,39.3,131.1,5,1,1237.0,Low
166.5,4.89,245.6,28.6,69.7,52.8,403.8,1,3,392.0,High
43.9,6.79,245.0,22.0,79.2,53.4,148.3,3,3,885.0,Medium
81.2,2.62,315.9,27.5,54.8,18.8,70.6,2,1,1373.0,Low
33.8,4.57,170.6,20.7,62.0,73.3,131.0,3,1,2020.0,Low
37.0,7.24,198.5,18.8,80.0,46.4,73.3,4,2,1960.0,Medium
63.3,1.23,463.0,30.7,62.4,91.3,124.1,4,1,254.0,Low
36.1,4.97,159.0,32.1,81.3,60.8,243.7,5,1,991.0,Low
41.0,3.42,385.2,23.8,73.1,46.0,109.3,4,0,666.0,Low
79.8,4.75,254.7,19.4,63.3,31.2,136.3,4,1,202.0,Low
95.9,5.92,218.9,16.0,65.3,42.8,112.1,3,4,1191.0,High
94.1,4.94,913.8,36.2,70.1,48.0,185.8,1,1,876.0,High
94.8,2.48,117.6,27.6,66.7,74.3,162.3,2,3,1338.0,Medium
21.0,3.5,795.8,24.0,81.0,69.5,90.9,4,3,1973.0,High
34.5,7.35,545.8,25.2,64.4,54.0,162.4,4,1,1733.0,Low
68.6,5.16,204.8,17.4,61.4,80.4,124.7,3,2,4399.0,Medium
138.8,6.18,555.6,30.1,83.7,4.7,86.5,2,0,1496.0,High
278.4,5.0,18.8,37.0,63.7,54.3,87.4,3,2,3367.0,High
83.6,6.12,190.5,23.1,61.9,70.1,122.5,1,3,514.0,High
111.3,3.71,160.7,38.9,32.7,55.9,135.2,3,0,1714.0,Low
18.7,2.96,417.8,26.4,54.4,18.3,102.1,2,2,733.0,Medium
109.2,6.03,506.1,35.3,57.4,72.8,137.1,2,2,1086.0,High
231.6,6.75,413.5,28.5,61.9,60.2,69.4,4,3,2380.0,High
34.4,2.67,353.2,28.5,59.2,51.9,56.4,1,2,1078.0,Medium
42.1,3.35,578.6,36.2,84.7,46.8,41.3,5,2,2696.0,Low
121.6,4.17,528.5,30.9,58.4,84.9,150.5,4,1,753.0,Medium
68.0,7.74,201.1,28.9,59.5,53.9,38.7,3,3,496.0,High
8.6,5.63,218.1,17.3,72.3,40.2,136.3,3,3,1566.0,Medium
44.3,1.85,509.9,19.5,53.5,28.8,83.4,2,0,1618.0,Low
172.5,4.31,313.8,29.3,93.5,60.2,92.7,2,2,1024.0,High
53.3,4.01,328.6,34.3,82.0,64.7,93.5,2,0,2079.0,Low
53.2,2.15,357.7,27.6,52.5,46.1,364.6,5,0,165.0,Low
116.4,4.29,71.1,24.0,85.2,33.8,77.4,5,2,571.0,Medium
85.8,3.92,194.4,17.8,88.3,71.6,62.0,4,1,1810.0,Medium
51.0,3.78,441.1,23.1,52.9,27.3,285.4,5,2,1113.0,Low
39.8,3.69,193.2,27.7,52.5,84.4,44.3,2,1,782.0,Low
364.4,7.44,275.3,22.7,60.8,30.3,51.6,4,1,1478.0,High
153.8,3.77,439.2,22.2,48.8,19.4,179.0,4,2,2558.0,High
94.8,4.6,598.6,26.7,58.3,22.0,138.9,1,1,1720.0,High
99.1,4.38,642.9,34.2,64.0,22.8,87.2,5,2,2276.0,Medium
60.4,3.49,665.3,30.4,77.6,40.3,57.4,3,2,1785.0,High
85.1,4.66,293.6,28.4,71.2,35.6,26.3,3,0,3019.0,Medium
55.5,4.63,273.0,27.9,67.8,65.5,251.0,1,2,882.0,Medium
31.7,4.66,129.9,29.8,62.8,62.6,162.7,2,2,2672.0,Medium
87.5,2.78,766.6,26.4,50.4,40.5,236.1,1,2,275.0,High
51.8,4.09,265.0,24.9,78.9,100.0,197.6,2,2,450.0,Medium
90.8,6.02,755.7,30.7,78.5,40.3,142.9,5,3,2046.0,High
103.2,4.14,392.0,25.9,60.7,42.9,76.1,5,1,424.0,Low
94.2,4.82,615.8,21.1,53.5,19.5,57.5,4,3,1025.0,High
29.4,4.83,307.4,34.2,93.3,43.4,208.3,4,2,2988.0,Low
47.4,5.33,467.3,17.7,73.7,50.9,83.5,4,0,507.0,Low
52.6,5.62,628.7,34.6,76.0,21.3,59.7,4,0,2417.0,Low
130.8,4.15,226.8,29.5,76.6,35.0,72.7,3,1,984.0,Medium
126.2,2.68,667.5,22.2,52.0,51.5,215.5,4,1,466.0,Low
36.3,2.06,144.6,27.1,92.5,34.5,63.6,4,4,1326.0,Medium
20.5,6.54,899.4,24.9,63.9,30.3,87.4,4,1,2854.0,Medium
286.9,6.04,358.6,31.0,82.3,60.6,103.7,2,2,411.0,High
91.6,5.8,196.7,30.9,91.9,19.4,126.5,4,4,389.0,High
17.8,6.12,539.2,29.3,71.2,23.2,60.5,1,1,2000.0,High
41.5,4.18,403.9,30.7,52.3,48.5,101.7,4,2,846.0,Low
134.5,3.25,74.7,26.4,32.6,61.9,180.9,4,4,4434.0,Medium
243.1,2.54,245.7,35.8,69.4,51.1,317.8,3,0,1620.0,Low
217.5,2.32,150.3,33.1,73.8,40.5,53.6,4,0,2550.0,Medium
88.9,6.92,160.9,24.6,61.3,38.9,59.3,2,3,1579.0,High
66.8,3.51,156.5,31.1,72.0,65.2,65.0,5,0,421.0,Low
26.8,6.61,453.4,30.6,76.5,62.2,156.7,4,1,611.0,Medium
71.2,4.13,565.1,25.7,84.9,46.0,56.1,4,0,688.0,Low
30.3,3.15,183.5,25.3,66.6,39.4,99.6,4,1,1862.0,Low
47.7,2.31,57.2,33.1,69.3,45.7,93.5,3,1,1291.0,Low
121.5,3.32,31.6,26.9,67.3,30.5,333.2,5,0,218.0,Low
55.3,7.34,1027.0,28.3,70.5,42.0,77.0,3,1,2119.0,High
52.4,2.33,361.2,34.0,62.3,35.2,74.2,3,0,4985.0,Low
64.1,8.73,541.7,39.7,62.2,43.0,156.6,3,1,499.0,High
314.2,2.82,283.7,24.4,63.2,35.9,130.8,2,1,571.0,High
24.2,6.0,45.4,25.9,72.3,55.5,71.1,5,2,759.0,Low
82.2,4.21,425.1,27.4,57.3,61.4,223.8,2,0,1176.0,Low
205.0,3.86,842.6,27.5,63.2,37.4,43.4,2,1,536.0,High
64.0,1.96,204.9,28.9,97.1,28.8,105.6,5,0,2962.0,Low
151.9,4.3,40.1,24.5,83.4,59.2,89.9,2,0,3727.0,Low
19.1,2.18,129.3,20.7,55.6,48.7,100.3,5,2,1423.0,Low
56.7,1.14,558.1,35.8,83.0,37.7,70.7,4,2,1238.0,Medium
33.3,4.74,401.9,30.1,79.4,72.5,101.6,3,3,250.0,Medium
63.4,3.23,669.2,24.9,68.4,33.7,122.4,2,3,457.0,High
64.5,7.87,326.9,29.2,59.4,5.1,18.6,5,0,135.0,Low
69.7,6.5,500.8,36.2,57.7,30.8,81.5,1,2,791.0,High
120.8,7.89,240.6,23.1,73.4,77.4,65.4,2,0,917.0,High
4.9,3.14,137.7,28.1,57.3,38.6,275.1,2,0,1981.0,Low
40.0,4.77,501.6,20.1,86.5,34.7,140.2,5,2,1434.0,Medium
78.2,0.2,563.8,26.4,90.7,45.5,63.1,1,1,653.0,Medium
9.1,3.94,208.5,30.1,69.4,65.2,78.8,1,1,2057.0,Medium
104.1,4.7,797.0,21.4,87.1,43.3,92.0,4,0,5521.0,Medium
39.3,4.81,810.5,26.1,63.8,56.8,77.8,2,0,2133.0,Medium
57.6,4.42,157.3,31.0,59.3,41.2,146.3,3,3,854.0,Medium
124.5,4.63,163.1,29.9,86.5,57.0,249.2,2,2,1551.0,Medium
156.5,0.2,169.1,21.2,93.7,48.6,9.9,3,0,522.0,Low
106.3,5.01,297.9,28.9,99.4,37.0,88.6,3,2,471.0,Medium
23.5,5.47,248.9,29.8,75.0,50.2,316.9,5,0,3917.0,Low
102.6,7.18,113.6,27.5,82.9,34.1,90.8,2,3,1570.0,High
107.5,5.24,173.0,32.4,74.7,17.4,126.5,5,1,2610.0,Low
93.2,4.24,46.5,24.1,91.1,44.6,22.6,4,3,1048.0,Medium
173.6,6.71,55.6,29.1,76.5,19.2,222.4,3,4,468.0,High
71.1,0.2,95.4,21.2,82.1,56.9,53.0,1,1,387.0,Low
169.2,3.47,993.1,19.0,53.0,44.3,138.2,3,1,598.0,High
168.6,2.97,921.4,30.9,66.5,73.5,59.5,4,2,1725.0,High
109.6,4.43,520.1,27.1,82.2,38.4,14.3,3,2,311.0,High
83.2,0.2,210.1,24.7,80.9,44.6,131.0,5,3,1333.0,Low
93.6,7.14,94.0,21.7,83.5,15.6,164.8,2,0,1892.0,Medium
198.6,4.0,322.3,31.1,71.8,22.9,103.8,1,1,452.0,High
138.7,5.14,432.8,19.5,60.2,11.4,48.6,5,0,5501.0,Low
26.3,4.95,185.8,32.0,69.1,66.5,351.8,2,1,2395.0,Low
89.4,7.02,417.9,29.3,70.7,35.8,161.2,1,1,1172.0,High
31.8,0.78,128.3,19.7,73.6,71.5,119.5,4,3,692.0,Low
38.3,4.72,213.3,27.6,55.5,0.0,202.5,3,3,1611.0,Medium
49.3,6.79,271.3,40.3,66.0,76.0,77.7,1,2,1573.0,Medium
17.2,4.3,937.9,32.9,68.7,43.6,290.2,4,4,1355.0,Medium
29.9,2.6,171.0,22.9,36.4,51.8,162.9,2,1,1656.0,Low
179.9,3.29,431.4,30.6,82.5,23.7,191.8,1,0,550.0,Medium
38.1,3.71,151.3,19.9,72.5,55.5,87.5,4,2,2125.0,Low
121.2,3.06,135.1,20.1,74.0,37.5,52.0,2,2,360.0,Medium
75.9,4.19,185.2,26.7,62.3,21.1,120.5,5,1,150.0,Low
99.5,7.52,330.0,29.8,78.8,20.8,79.8,3,2,1962.0,High
102.5,3.31,860.7,31.1,57.5,20.5,309.2,4,2,1693.0,Medium
28.7,3.52,206.7,31.1,59.9,52.6,42.5,5,1,1267.0,Low
120.8,5.42,566.5,29.5,79.4,32.3,233.2,2,2,760.0,High
21.1,4.15,966.0,18.9,75.4,12.2,32.9,1,0,880.0,Medium
36.8,1.84,385.0,26.7,50.8,52.4,59.4,3,2,533.0,Low
101.5,4.38,631.6,31.8,93.7,1.5,32.4,2,3,1554.0,High
27.0,4.3,177.5,29.2,58.6,71.6,77.8,4,0,120.0,Low
8.0,6.45,423.9,27.9,68.0,84.7,95.0,3,3,205.0,High
86.4,2.56,495.5,28.6,96.2,18.8,71.7,5,1,556.0,Low
14.1,6.46,109.1,28.6,39.1,66.0,138.2,3,2,1417.0,Medium
108.2,4.3,164.2,17.2,44.4,52.0,95.5,5,1,1191.0,Low
52.3,2.28,263.0,32.8,76.6,35.0,23.1,2,3,3113.0,Medium
85.5,1.88,189.2,26.4,32.8,35.9,57.3,1,2,1028.0,Medium
84.4,8.37,285.0,30.5,39.3,58.1,87.0,3,1,2246.0,Medium
113.9,4.18,95.9,15.5,87.6,44.2,197.6,1,2,1364.0,Medium
103.6,6.37,908.9,35.3,63.9,0.0,115.9,1,2,146.0,High
26.7,1.08,603.2,21.2,100.0,86.5,80.4,3,1,468.0,Low
54.8,9.78,1892.8,39.7,54.5,53.7,38.9,3,2,533.0,High
85.4,6.29,120.4,37.6,65.2,44.0,119.0,1,3,656.0,High
171.3,3.99,434.8,20.4,78.1,30.6,224.0,4,0,945.0,Medium
104.2,3.89,190.5,31.1,77.1,41.2,89.3,4,0,2654.0,Low
